product_id,bucket_1m,open,high,low,close,volume,trade_count,vwap
BTC-USD,2026-01-19 17:59:00-08:00,92768.06000000,92768.07000000,92625.00000000,92655.16000000,13.39094827,421,92700.58083402
ETH-USD,2026-01-19 17:59:00-08:00,3193.64000000,3194.12000000,3189.61000000,3190.74000000,87.13085262,257,3191.42799764
SOL-USD,2026-01-19 17:59:00-08:00,133.90000000,133.93000000,133.75000000,133.78000000,909.40534176,136,133.83351816
BTC-USD,2026-01-19 18:00:00-08:00,92658.90000000,92664.06000000,92586.11000000,92613.90000000,11.51801035,429,92624.26071452
ETH-USD,2026-01-19 18:00:00-08:00,3190.90000000,3191.50000000,3187.80000000,3189.04000000,38.25962382,211,3189.46328657
SOL-USD,2026-01-19 18:00:00-08:00,133.79000000,133.83000000,133.68000000,133.72000000,766.63235431,166,133.77665934
ETH-USD,2026-01-19 18:01:00-08:00,3189.04000000,3189.77000000,3188.86000000,3189.77000000,18.88436787,106,3189.11037857
SOL-USD,2026-01-19 18:01:00-08:00,133.73000000,133.77000000,133.71000000,133.75000000,320.51660661,108,133.74761469
BTC-USD,2026-01-19 18:01:00-08:00,92613.89000000,92630.83000000,92610.00000000,92623.05000000,1.97907677,171,92618.04685017
ETH-USD,2026-01-19 18:02:00-08:00,3189.40000000,3190.55000000,3188.25000000,3190.37000000,12.91653037,130,3189.42373857
BTC-USD,2026-01-19 18:02:00-08:00,92624.24000000,92632.40000000,92585.84000000,92608.02000000,1.98906204,201,92609.77277678
SOL-USD,2026-01-19 18:02:00-08:00,133.76000000,133.76000000,133.70000000,133.76000000,119.61160829,72,133.72821556
BTC-USD,2026-01-19 18:03:00-08:00,92607.80000000,92620.90000000,92582.10000000,92592.33000000,1.04465238,179,92599.89157906
SOL-USD,2026-01-19 18:03:00-08:00,133.75000000,133.79000000,133.69000000,133.71000000,703.06643138,214,133.73547247
ETH-USD,2026-01-19 18:03:00-08:00,3190.26000000,3191.56000000,3188.20000000,3189.89000000,130.02080832,216,3189.06254656
SOL-USD,2026-01-19 18:04:00-08:00,133.72000000,133.72000000,133.48000000,133.62000000,285.84313797,155,133.54564430
BTC-USD,2026-01-19 18:04:00-08:00,92592.33000000,92592.33000000,92518.00000000,92549.06000000,1.67046887,251,92541.85564846
ETH-USD,2026-01-19 18:04:00-08:00,3189.88000000,3189.88000000,3185.47000000,3186.32000000,65.80679592,306,3186.58878127
ETH-USD,2026-01-19 18:05:00-08:00,3186.32000000,3186.32000000,3184.11000000,3184.45000000,35.22499418,187,3184.79993487
SOL-USD,2026-01-19 18:05:00-08:00,133.59000000,133.59000000,133.42000000,133.45000000,336.89299957,102,133.44697266
BTC-USD,2026-01-19 18:05:00-08:00,92544.44000000,92544.44000000,92494.94000000,92499.08000000,1.63661299,220,92511.11559382
SOL-USD,2026-01-19 18:06:00-08:00,133.46000000,133.54000000,133.37000000,133.52000000,1121.72487173,125,133.44059664
ETH-USD,2026-01-19 18:06:00-08:00,3184.45000000,3185.83000000,3181.89000000,3184.85000000,126.41503486,363,3183.39484068
BTC-USD,2026-01-19 18:06:00-08:00,92499.08000000,92521.29000000,92467.81000000,92512.64000000,3.34863156,286,92490.50363099
SOL-USD,2026-01-19 18:07:00-08:00,133.52000000,133.55000000,133.46000000,133.49000000,2503.99285545,365,133.52594701
ETH-USD,2026-01-19 18:07:00-08:00,3184.85000000,3186.19000000,3182.05000000,3184.76000000,140.08900597,270,3183.67023905
BTC-USD,2026-01-19 18:07:00-08:00,92512.64000000,92525.92000000,92469.40000000,92469.41000000,1.50260638,198,92506.65017466
SOL-USD,2026-01-19 18:08:00-08:00,133.48000000,133.48000000,133.35000000,133.41000000,710.08060094,227,133.43071555
BTC-USD,2026-01-19 18:08:00-08:00,92469.40000000,92469.41000000,92423.00000000,92440.08000000,2.44643709,275,92432.55817593
ETH-USD,2026-01-19 18:08:00-08:00,3184.71000000,3184.80000000,3181.39000000,3183.92000000,58.15022922,268,3182.57824882
SOL-USD,2026-01-19 18:09:00-08:00,133.40000000,133.40000000,133.28000000,133.33000000,558.11605269,135,133.34367049
BTC-USD,2026-01-19 18:09:00-08:00,92440.08000000,92445.99000000,92400.92000000,92429.95000000,5.24639347,291,92424.56469948
ETH-USD,2026-01-19 18:09:00-08:00,3183.80000000,3183.88000000,3180.82000000,3182.33000000,84.81614827,452,3182.26816155
SOL-USD,2026-01-19 18:10:00-08:00,133.34000000,133.44000000,133.34000000,133.41000000,252.51717171,129,133.38963893
BTC-USD,2026-01-19 18:10:00-08:00,92429.96000000,92463.39000000,92422.00000000,92437.94000000,3.49841620,418,92436.08086858
ETH-USD,2026-01-19 18:10:00-08:00,3182.44000000,3183.60000000,3181.30000000,3182.30000000,68.17962712,262,3182.36365137
SOL-USD,2026-01-19 18:11:00-08:00,133.41000000,133.52000000,133.41000000,133.46000000,710.72963776,363,133.48917771
BTC-USD,2026-01-19 18:11:00-08:00,92437.94000000,92464.41000000,92437.94000000,92452.37000000,0.81489960,154,92460.60096928
ETH-USD,2026-01-19 18:11:00-08:00,3182.38000000,3185.03000000,3182.38000000,3184.44000000,37.85336517,159,3184.08476098
BTC-USD,2026-01-19 18:12:00-08:00,92452.36000000,92455.16000000,92381.98000000,92381.99000000,3.93915851,313,92413.20311765
SOL-USD,2026-01-19 18:12:00-08:00,133.47000000,133.49000000,133.35000000,133.35000000,262.72603136,154,133.44359382
ETH-USD,2026-01-19 18:12:00-08:00,3184.64000000,3184.67000000,3181.25000000,3181.55000000,59.27094589,217,3182.65924274
SOL-USD,2026-01-19 18:13:00-08:00,133.36000000,133.45000000,133.36000000,133.43000000,60.53466058,68,133.42163160
ETH-USD,2026-01-19 18:13:00-08:00,3181.45000000,3183.60000000,3181.43000000,3183.04000000,62.46811950,358,3182.69517731
BTC-USD,2026-01-19 18:13:00-08:00,92380.01000000,92427.85000000,92380.01000000,92420.48000000,4.93251754,255,92388.75336872
SOL-USD,2026-01-19 18:14:00-08:00,133.44000000,133.44000000,133.38000000,133.42000000,287.90864167,79,133.42051004
BTC-USD,2026-01-19 18:14:00-08:00,92420.48000000,92420.48000000,92376.58000000,92404.57000000,1.88841244,231,92394.64908118
ETH-USD,2026-01-19 18:14:00-08:00,3183.09000000,3183.42000000,3181.68000000,3183.06000000,57.81796119,319,3181.99827357
BTC-USD,2026-01-19 18:15:00-08:00,92404.56000000,92410.16000000,92378.00000000,92409.15000000,1.30945555,185,92391.26631618
ETH-USD,2026-01-19 18:15:00-08:00,3183.05000000,3183.58000000,3181.63000000,3183.58000000,46.88362648,220,3182.67804289
SOL-USD,2026-01-19 18:15:00-08:00,133.40000000,133.46000000,133.37000000,133.44000000,43.78956767,88,133.42292527
SOL-USD,2026-01-19 18:16:00-08:00,133.46000000,133.58000000,133.41000000,133.54000000,159.41705984,115,133.51312000
ETH-USD,2026-01-19 18:16:00-08:00,3183.31000000,3187.40000000,3182.41000000,3185.55000000,66.96618671,303,3184.89089518
BTC-USD,2026-01-19 18:16:00-08:00,92409.15000000,92464.39000000,92376.76000000,92445.93000000,3.37672915,267,92417.14081106
BTC-USD,2026-01-19 18:17:00-08:00,92444.87000000,92464.41000000,92420.01000000,92456.46000000,1.24668452,206,92456.64391320
ETH-USD,2026-01-19 18:17:00-08:00,3185.49000000,3185.50000000,3183.94000000,3184.57000000,40.43767315,232,3184.57226690
SOL-USD,2026-01-19 18:17:00-08:00,133.54000000,133.54000000,133.45000000,133.48000000,126.22000348,105,133.50375157
SOL-USD,2026-01-19 18:18:00-08:00,133.48000000,133.51000000,133.43000000,133.50000000,36.85891267,75,133.45529927
ETH-USD,2026-01-19 18:18:00-08:00,3184.57000000,3184.60000000,3182.52000000,3184.60000000,100.75018042,443,3183.07431889
BTC-USD,2026-01-19 18:18:00-08:00,92456.46000000,92464.41000000,92433.32000000,92463.95000000,4.56998605,417,92450.24183391
ETH-USD,2026-01-19 18:19:00-08:00,3184.54000000,3184.54000000,3183.70000000,3184.41000000,53.56760125,203,3184.20808012
SOL-USD,2026-01-19 18:19:00-08:00,133.49000000,133.50000000,133.45000000,133.47000000,22.00770538,55,133.47137668
BTC-USD,2026-01-19 18:19:00-08:00,92464.41000000,92464.41000000,92441.24000000,92452.00000000,0.50945154,160,92454.88952187
SOL-USD,2026-01-19 18:20:00-08:00,133.47000000,133.48000000,133.40000000,133.45000000,86.70337532,106,133.42939565
ETH-USD,2026-01-19 18:20:00-08:00,3184.38000000,3184.55000000,3182.38000000,3183.79000000,22.29428396,144,3183.51625084
BTC-USD,2026-01-19 18:20:00-08:00,92450.03000000,92457.99000000,92428.00000000,92457.98000000,0.87609831,197,92451.85726097
ETH-USD,2026-01-19 18:21:00-08:00,3183.78000000,3183.78000000,3181.21000000,3181.21000000,77.36409481,380,3182.36084531
SOL-USD,2026-01-19 18:21:00-08:00,133.47000000,133.47000000,133.39000000,133.41000000,187.90772432,71,133.40267796
BTC-USD,2026-01-19 18:21:00-08:00,92457.98000000,92457.98000000,92410.17000000,92410.17000000,1.36482648,199,92438.11236182
SOL-USD,2026-01-19 23:17:00-08:00,131.37000000,131.47000000,131.37000000,131.45000000,73.61721145,41,131.42405507
ETH-USD,2026-01-19 23:17:00-08:00,3116.11000000,3117.12000000,3115.77000000,3116.51000000,4.17389087,44,3116.19299035
BTC-USD,2026-01-19 23:17:00-08:00,90933.95000000,90942.46000000,90914.68000000,90924.73000000,1.50968933,138,90926.50258501
ETH-USD,2026-01-19 23:18:00-08:00,3116.44000000,3117.45000000,3115.84000000,3116.74000000,30.57710169,160,3116.70756769
BTC-USD,2026-01-19 23:18:00-08:00,90926.71000000,90940.16000000,90907.24000000,90914.14000000,1.42960073,237,90928.15701638
SOL-USD,2026-01-19 23:18:00-08:00,131.45000000,131.50000000,131.45000000,131.47000000,71.33302435,59,131.47329067
ETH-USD,2026-01-19 23:19:00-08:00,3116.78000000,3117.97000000,3115.08000000,3117.97000000,27.07880788,186,3115.48856600
BTC-USD,2026-01-19 23:19:00-08:00,90914.14000000,90914.14000000,90829.72000000,90905.61000000,4.24129451,341,90861.03768857
SOL-USD,2026-01-19 23:19:00-08:00,131.48000000,131.49000000,131.28000000,131.44000000,349.44344257,113,131.35350805
ETH-USD,2026-01-19 23:20:00-08:00,3117.96000000,3117.96000000,3114.67000000,3117.78000000,94.48178183,328,3116.28461761
BTC-USD,2026-01-19 23:20:00-08:00,90904.61000000,90905.35000000,90816.22000000,90900.16000000,10.04550839,527,90864.29449373
SOL-USD,2026-01-19 23:20:00-08:00,131.45000000,131.45000000,131.19000000,131.35000000,999.23689516,185,131.27592375
ETH-USD,2026-01-19 23:21:00-08:00,3117.61000000,3119.16000000,3117.29000000,3117.66000000,35.34513507,121,3118.25671685
SOL-USD,2026-01-19 23:21:00-08:00,131.34000000,131.45000000,131.34000000,131.39000000,177.76770942,68,131.39265668
BTC-USD,2026-01-19 23:21:00-08:00,90901.99000000,90942.46000000,90894.16000000,90908.00000000,2.65320629,217,90923.83464875
BTC-USD,2026-01-19 23:22:00-08:00,90908.00000000,90937.82000000,90888.01000000,90901.99000000,2.72892322,204,90914.08667555
ETH-USD,2026-01-19 23:22:00-08:00,3117.67000000,3118.82000000,3117.67000000,3118.82000000,20.84327701,110,3118.09275689
SOL-USD,2026-01-19 23:22:00-08:00,131.39000000,131.46000000,131.34000000,131.38000000,233.20438056,100,131.38476988
ETH-USD,2026-01-19 23:23:00-08:00,3118.82000000,3121.57000000,3118.57000000,3119.88000000,82.37469278,186,3120.43410321
SOL-USD,2026-01-19 23:23:00-08:00,131.40000000,131.47000000,131.37000000,131.39000000,308.12218319,95,131.42427737
BTC-USD,2026-01-19 23:23:00-08:00,90901.99000000,90949.43000000,90901.99000000,90907.91000000,5.00863675,249,90926.92838768
SOL-USD,2026-01-19 23:24:00-08:00,131.39000000,131.39000000,131.24000000,131.29000000,248.24245083,110,131.28545313
BTC-USD,2026-01-19 23:24:00-08:00,90909.93000000,90915.99000000,90874.21000000,90915.99000000,3.49801273,198,90900.40216621
ETH-USD,2026-01-19 23:24:00-08:00,3119.89000000,3119.89000000,3118.01000000,3118.92000000,29.28786083,120,3119.03486819
BTC-USD,2026-01-19 23:25:00-08:00,90915.98000000,90939.47000000,90905.42000000,90905.42000000,2.91490703,214,90925.14879498
ETH-USD,2026-01-19 23:25:00-08:00,3118.92000000,3120.32000000,3118.49000000,3119.32000000,33.12109249,141,3119.39502330
SOL-USD,2026-01-19 23:25:00-08:00,131.29000000,131.35000000,131.28000000,131.31000000,348.06269297,92,131.32474027
ETH-USD,2026-01-19 23:26:00-08:00,3119.16000000,3119.24000000,3117.94000000,3118.71000000,21.43249576,98,3118.73958447
BTC-USD,2026-01-19 23:26:00-08:00,90908.51000000,90945.98000000,90905.44000000,90940.54000000,3.59763743,193,90935.28984211
SOL-USD,2026-01-19 23:26:00-08:00,131.31000000,131.32000000,131.25000000,131.31000000,131.05826153,67,131.28630649
ETH-USD,2026-01-19 23:27:00-08:00,3118.53000000,3120.82000000,3118.53000000,3120.30000000,6.14370208,91,3120.08378646
SOL-USD,2026-01-19 23:27:00-08:00,131.30000000,131.38000000,131.30000000,131.37000000,291.55825429,66,131.35565329
BTC-USD,2026-01-19 23:27:00-08:00,90935.41000000,90974.00000000,90929.09000000,90960.99000000,1.73803947,195,90949.50796393
ETH-USD,2026-01-19 23:28:00-08:00,3120.31000000,3121.10000000,3120.31000000,3120.87000000,3.30669439,23,3121.01589652
SOL-USD,2026-01-19 23:28:00-08:00,131.37000000,131.38000000,131.36000000,131.37000000,18.96248861,18,131.36846611
BTC-USD,2026-01-19 23:28:00-08:00,90970.70000000,90985.34000000,90960.99000000,90973.26000000,0.62693822,72,90972.87879066
ETH-USD,2026-01-20 14:55:00-08:00,2944.17000000,2944.18000000,2942.70000000,2943.30000000,14.22578048,55,2943.57366241
BTC-USD,2026-01-20 14:55:00-08:00,88347.21000000,88363.39000000,88326.17000000,88363.39000000,1.12958754,150,88346.23029712
SOL-USD,2026-01-20 14:55:00-08:00,125.94000000,125.95000000,125.91000000,125.92000000,155.81431789,40,125.91639787
BTC-USD,2026-01-20 14:56:00-08:00,88350.00000000,88444.00000000,88348.63000000,88438.14000000,6.40650528,458,88418.45889408
SOL-USD,2026-01-20 14:56:00-08:00,125.92000000,126.11000000,125.92000000,126.09000000,1073.29878986,224,126.03797408
ETH-USD,2026-01-20 14:56:00-08:00,2943.28000000,2947.23000000,2943.00000000,2946.91000000,52.51242303,239,2944.92414144
ETH-USD,2026-01-20 14:57:00-08:00,2946.92000000,2948.20000000,2946.92000000,2947.84000000,26.91239346,132,2947.77141443
BTC-USD,2026-01-20 14:57:00-08:00,88438.13000000,88462.43000000,88407.68000000,88430.04000000,11.71622927,649,88439.17980973
SOL-USD,2026-01-20 14:57:00-08:00,126.10000000,126.19000000,126.10000000,126.17000000,129.52897329,121,126.16774496
ETH-USD,2026-01-20 14:58:00-08:00,2948.01000000,2948.08000000,2944.08000000,2944.08000000,45.41898268,166,2946.70308421
BTC-USD,2026-01-20 14:58:00-08:00,88423.96000000,88441.96000000,88300.18000000,88318.68000000,10.69143843,738,88377.14068771
SOL-USD,2026-01-20 14:58:00-08:00,126.17000000,126.20000000,125.94000000,125.96000000,540.42684841,211,126.11147465
SOL-USD,2026-01-20 14:59:00-08:00,125.92000000,125.97000000,125.84000000,125.94000000,676.10306655,185,125.90888117
BTC-USD,2026-01-20 14:59:00-08:00,88318.68000000,88383.81000000,88317.36000000,88372.20000000,4.64502237,495,88356.96495814
ETH-USD,2026-01-20 14:59:00-08:00,2944.24000000,2947.65000000,2944.09000000,2947.63000000,19.23494256,175,2945.74108531
SOL-USD,2026-01-20 15:00:00-08:00,125.93000000,126.01000000,125.89000000,126.01000000,761.58666773,202,125.92619418
ETH-USD,2026-01-20 15:00:00-08:00,2948.10000000,2949.00000000,2945.55000000,2948.57000000,75.18956130,256,2947.16429086
BTC-USD,2026-01-20 15:00:00-08:00,88374.74000000,88389.16000000,88208.46000000,88307.02000000,18.16497018,977,88300.15382007
SOL-USD,2026-01-20 15:01:00-08:00,125.99000000,126.00000000,125.64000000,125.73000000,456.73450888,151,125.82743108
ETH-USD,2026-01-20 15:01:00-08:00,2948.58000000,2948.66000000,2941.60000000,2942.34000000,76.00937425,310,2944.61636653
BTC-USD,2026-01-20 15:01:00-08:00,88304.50000000,88304.50000000,88100.00000000,88128.00000000,12.32382660,806,88163.96767953
BTC-USD,2026-01-20 15:02:00-08:00,88128.00000000,88240.00000000,88108.01000000,88179.53000000,14.42149088,746,88169.94787754
SOL-USD,2026-01-20 15:02:00-08:00,125.72000000,126.04000000,125.69000000,126.02000000,807.20687330,236,125.88325889
ETH-USD,2026-01-20 15:02:00-08:00,2942.16000000,2945.44000000,2941.90000000,2944.65000000,50.63096258,235,2944.56179215
SOL-USD,2026-01-20 15:03:00-08:00,126.02000000,126.02000000,125.64000000,125.70000000,1086.92278132,243,125.82228879
ETH-USD,2026-01-20 15:03:00-08:00,2944.65000000,2944.66000000,2935.36000000,2936.50000000,138.15330244,421,2939.89267537
BTC-USD,2026-01-20 15:03:00-08:00,88179.53000000,88179.53000000,87990.00000000,87990.43000000,14.16206738,940,88041.10446425
SOL-USD,2026-01-20 15:04:00-08:00,125.67000000,125.82000000,125.67000000,125.75000000,453.09089263,210,125.75310446
BTC-USD,2026-01-20 15:04:00-08:00,87996.29000000,88065.78000000,87977.84000000,88016.00000000,28.03623988,1488,88021.59777114
ETH-USD,2026-01-20 15:04:00-08:00,2936.42000000,2937.60000000,2934.60000000,2935.60000000,54.64135561,266,2936.04151415
ETH-USD,2026-01-20 15:05:00-08:00,2935.64000000,2938.50000000,2932.43000000,2936.11000000,269.23459540,474,2935.85473956
SOL-USD,2026-01-20 15:05:00-08:00,125.77000000,125.82000000,125.62000000,125.70000000,581.77388438,211,125.71258065
BTC-USD,2026-01-20 15:05:00-08:00,88016.00000000,88077.67000000,87967.60000000,88001.96000000,10.27707396,844,88018.58866613
SOL-USD,2026-01-20 15:06:00-08:00,125.67000000,126.02000000,125.67000000,125.92000000,1396.51444808,230,125.78436693
BTC-USD,2026-01-20 15:06:00-08:00,88001.96000000,88070.00000000,87979.13000000,88035.97000000,14.07427820,777,88029.90057494
ETH-USD,2026-01-20 15:06:00-08:00,2936.33000000,2940.68000000,2935.65000000,2936.99000000,118.55767623,382,2938.20418473
SOL-USD,2026-01-20 15:07:00-08:00,125.92000000,126.03000000,125.88000000,125.92000000,637.31782520,205,125.93169292
BTC-USD,2026-01-20 15:07:00-08:00,88035.97000000,88069.98000000,87975.61000000,88065.98000000,17.31660551,906,88010.63892524
ETH-USD,2026-01-20 15:07:00-08:00,2936.50000000,2938.80000000,2935.15000000,2937.62000000,66.96836100,273,2937.09463425
BTC-USD,2026-01-20 15:08:00-08:00,88062.05000000,88121.98000000,88046.00000000,88057.57000000,19.47132188,994,88075.48785649
ETH-USD,2026-01-20 15:08:00-08:00,2937.62000000,2939.82000000,2936.86000000,2938.05000000,92.54740168,250,2938.61211764
SOL-USD,2026-01-20 15:08:00-08:00,125.97000000,126.06000000,125.89000000,126.02000000,1851.10685097,191,125.98837723
SOL-USD,2026-01-20 15:09:00-08:00,126.01000000,126.06000000,125.87000000,125.96000000,217.12461663,182,125.95481726
ETH-USD,2026-01-20 15:09:00-08:00,2937.91000000,2938.97000000,2936.86000000,2938.64000000,33.26760400,214,2937.96792914
BTC-USD,2026-01-20 15:09:00-08:00,88070.81000000,88096.80000000,88002.00000000,88035.97000000,6.28695859,669,88055.22229740
ETH-USD,2026-01-20 15:10:00-08:00,2938.19000000,2942.30000000,2938.19000000,2941.88000000,44.25488556,243,2940.37651107
BTC-USD,2026-01-20 15:10:00-08:00,88035.97000000,88123.69000000,88035.97000000,88119.43000000,7.36557326,806,88084.29952268
SOL-USD,2026-01-20 15:10:00-08:00,125.98000000,126.02000000,125.91000000,126.00000000,168.64005518,163,125.96880965
ETH-USD,2026-01-20 15:11:00-08:00,2941.89000000,2942.39000000,2939.25000000,2940.84000000,99.78053461,333,2940.26278948
BTC-USD,2026-01-20 15:11:00-08:00,88119.43000000,88146.00000000,88038.59000000,88095.99000000,19.40061315,765,88097.25954121
SOL-USD,2026-01-20 15:11:00-08:00,126.00000000,126.07000000,125.93000000,126.06000000,452.18186833,220,125.98656299
SOL-USD,2026-01-20 15:12:00-08:00,126.06000000,126.12000000,125.99000000,126.07000000,296.13605743,132,126.02277669
ETH-USD,2026-01-20 15:12:00-08:00,2940.61000000,2941.19000000,2939.85000000,2941.00000000,73.96306828,220,2940.76848930
BTC-USD,2026-01-20 15:12:00-08:00,88095.99000000,88095.99000000,88040.13000000,88087.99000000,8.04754490,604,88066.63054683
SOL-USD,2026-01-20 15:13:00-08:00,126.07000000,126.16000000,126.03000000,126.07000000,503.77301622,181,126.06866810
ETH-USD,2026-01-20 15:13:00-08:00,2940.86000000,2940.86000000,2937.19000000,2939.28000000,120.90359489,290,2938.70285593
BTC-USD,2026-01-20 15:13:00-08:00,88087.99000000,88115.34000000,88080.22000000,88084.00000000,6.37604774,676,88103.57307378
ETH-USD,2026-01-20 15:14:00-08:00,2938.95000000,2940.10000000,2937.59000000,2939.59000000,66.34777602,254,2938.24661041
BTC-USD,2026-01-20 15:14:00-08:00,88084.00000000,88091.62000000,88043.24000000,88073.20000000,8.68434330,634,88066.40891895
SOL-USD,2026-01-20 15:14:00-08:00,126.05000000,126.06000000,125.91000000,126.04000000,214.47378564,121,125.96525861
ETH-USD,2026-01-20 15:15:00-08:00,2939.59000000,2941.34000000,2938.80000000,2940.16000000,34.76054323,150,2940.50725985
SOL-USD,2026-01-20 15:15:00-08:00,126.05000000,126.15000000,126.02000000,126.04000000,449.47324251,159,126.05470106
BTC-USD,2026-01-20 15:15:00-08:00,88073.86000000,88095.38000000,88050.00000000,88075.99000000,6.92776651,738,88076.42123786
SOL-USD,2026-01-20 15:16:00-08:00,126.04000000,126.10000000,125.99000000,126.00000000,669.87537110,154,126.02376151
BTC-USD,2026-01-20 15:16:00-08:00,88077.98000000,88095.38000000,88027.10000000,88031.86000000,13.12295440,1254,88072.62560078
ETH-USD,2026-01-20 15:16:00-08:00,2940.16000000,2941.52000000,2937.00000000,2937.20000000,97.81406799,287,2938.94164211
ETH-USD,2026-01-20 15:17:00-08:00,2937.01000000,2937.01000000,2928.61000000,2928.62000000,171.47669325,488,2931.76574338
BTC-USD,2026-01-20 15:17:00-08:00,88031.86000000,88031.86000000,87773.32000000,87773.32000000,29.04218064,1250,87891.60031116
SOL-USD,2026-01-20 15:17:00-08:00,125.99000000,125.99000000,125.79000000,125.80000000,2254.72315097,241,125.88006286
BTC-USD,2026-01-20 15:18:00-08:00,87776.01000000,87961.58000000,87767.53000000,87876.09000000,13.79685522,1267,87888.45747929
ETH-USD,2026-01-20 15:18:00-08:00,2927.93000000,2934.31000000,2926.40000000,2929.96000000,241.57727812,620,2930.60117256
SOL-USD,2026-01-20 15:18:00-08:00,125.80000000,125.99000000,125.78000000,125.88000000,632.69855123,215,125.90499745
ETH-USD,2026-01-20 15:19:00-08:00,2929.96000000,2932.56000000,2929.14000000,2930.85000000,75.10700078,340,2930.53511072
SOL-USD,2026-01-20 15:19:00-08:00,125.90000000,125.91000000,125.78000000,125.86000000,341.77837446,167,125.83516335
BTC-USD,2026-01-20 15:19:00-08:00,87879.99000000,87899.60000000,87804.02000000,87868.39000000,16.59761395,888,87845.82352564
BTC-USD,2026-01-20 15:20:00-08:00,87879.66000000,87972.73000000,87874.49000000,87887.98000000,15.37132410,749,87927.23121846
ETH-USD,2026-01-20 15:20:00-08:00,2931.00000000,2933.73000000,2929.01000000,2929.22000000,126.02594993,476,2931.74246917
SOL-USD,2026-01-20 15:20:00-08:00,125.87000000,125.93000000,125.76000000,125.79000000,990.30906601,224,125.83683347
SOL-USD,2026-01-20 15:21:00-08:00,125.81000000,126.06000000,125.80000000,126.05000000,1002.30493861,247,125.97873227
BTC-USD,2026-01-20 15:21:00-08:00,87887.98000000,88045.37000000,87887.69000000,88040.05000000,15.58661249,697,87985.80944358
ETH-USD,2026-01-20 15:21:00-08:00,2929.22000000,2935.96000000,2929.22000000,2934.99000000,57.15750232,357,2933.11443991
SOL-USD,2026-01-20 15:22:00-08:00,126.06000000,126.20000000,126.05000000,126.17000000,1661.72564159,265,126.17101045
BTC-USD,2026-01-20 15:22:00-08:00,88040.05000000,88095.38000000,88004.68000000,88091.82000000,9.68254895,550,88053.25150638
ETH-USD,2026-01-20 15:22:00-08:00,2935.20000000,2940.21000000,2935.20000000,2940.09000000,93.13733257,402,2937.86447677
SOL-USD,2026-01-20 15:23:00-08:00,126.12000000,126.24000000,126.11000000,126.12000000,963.20416173,264,126.15862683
ETH-USD,2026-01-20 15:23:00-08:00,2940.29000000,2942.52000000,2938.88000000,2939.86000000,141.05782525,384,2940.45652914
BTC-USD,2026-01-20 15:23:00-08:00,88090.09000000,88164.00000000,87862.04000000,88055.44000000,115.67584293,1187,88007.66895247
ETH-USD,2026-01-20 15:24:00-08:00,2939.70000000,2939.85000000,2936.25000000,2938.94000000,60.32913635,287,2937.50058918
SOL-USD,2026-01-20 15:24:00-08:00,126.10000000,126.11000000,125.94000000,126.01000000,636.30846458,205,126.00149339
BTC-USD,2026-01-20 15:24:00-08:00,88050.28000000,88060.00000000,87935.90000000,88032.30000000,13.50954492,846,87982.50080577
BTC-USD,2026-01-20 15:25:00-08:00,88032.30000000,88064.00000000,87924.81000000,87979.99000000,30.57406810,856,87981.64008121
ETH-USD,2026-01-20 15:25:00-08:00,2938.70000000,2938.71000000,2935.65000000,2935.80000000,54.18692178,272,2937.80224694
SOL-USD,2026-01-20 15:25:00-08:00,125.99000000,125.99000000,125.88000000,125.89000000,1037.94166972,459,125.94113467
SOL-USD,2026-01-20 15:26:00-08:00,125.88000000,125.92000000,124.88000000,125.74000000,23422.10844067,756,125.52321358
BTC-USD,2026-01-20 15:26:00-08:00,87979.99000000,87993.40000000,87874.00000000,87899.99000000,7.94705283,514,87945.42075281
ETH-USD,2026-01-20 15:26:00-08:00,2935.82000000,2936.10000000,2931.47000000,2933.20000000,71.84692369,336,2934.27094037
ETH-USD,2026-01-20 15:27:00-08:00,2933.25000000,2940.00000000,2933.25000000,2939.54000000,80.09786679,331,2936.54944687
BTC-USD,2026-01-20 15:27:00-08:00,87896.01000000,88056.00000000,87896.01000000,88043.49000000,15.26627982,595,87986.98966320
SOL-USD,2026-01-20 15:27:00-08:00,125.74000000,125.96000000,125.69000000,125.93000000,2133.97550838,276,125.78588256
SOL-USD,2026-01-20 15:28:00-08:00,125.91000000,126.00000000,125.89000000,125.94000000,679.62480687,304,125.94538866
BTC-USD,2026-01-20 15:28:00-08:00,88043.50000000,88073.07000000,88014.09000000,88015.69000000,9.96584308,458,88037.06771713
ETH-USD,2026-01-20 15:28:00-08:00,2939.46000000,2939.73000000,2937.30000000,2937.58000000,47.06847203,203,2938.61145723
ETH-USD,2026-01-20 15:29:00-08:00,2937.90000000,2938.90000000,2935.75000000,2936.88000000,45.97075930,247,2937.44296340
SOL-USD,2026-01-20 15:29:00-08:00,125.95000000,125.96000000,125.84000000,125.92000000,656.75690168,191,125.88277216
BTC-USD,2026-01-20 15:29:00-08:00,88017.46000000,88045.10000000,87985.00000000,87998.00000000,3.05794517,480,88017.67869361
BTC-USD,2026-01-20 15:30:00-08:00,88002.21000000,88128.00000000,88002.20000000,88119.63000000,14.28955376,542,88082.28684868
ETH-USD,2026-01-20 15:30:00-08:00,2936.81000000,2940.35000000,2936.81000000,2940.02000000,42.92702831,265,2939.04085632
SOL-USD,2026-01-20 15:30:00-08:00,125.92000000,126.17000000,125.92000000,126.16000000,929.36613099,181,126.04352398
BTC-USD,2026-01-20 15:31:00-08:00,88119.63000000,88155.22000000,88107.14000000,88148.40000000,2.36239799,431,88122.90396811
ETH-USD,2026-01-20 15:31:00-08:00,2940.19000000,2941.39000000,2939.40000000,2941.18000000,69.53475108,296,2940.69250649
SOL-USD,2026-01-20 15:31:00-08:00,126.16000000,126.27000000,126.10000000,126.25000000,1747.31092958,282,126.20818407
ETH-USD,2026-01-20 15:32:00-08:00,2941.20000000,2946.41000000,2941.18000000,2942.58000000,495.74743540,676,2944.18852062
BTC-USD,2026-01-20 15:32:00-08:00,88148.40000000,88250.00000000,88139.19000000,88224.29000000,22.34827786,1267,88213.65404842
SOL-USD,2026-01-20 15:32:00-08:00,126.26000000,126.35000000,126.18000000,126.23000000,3224.63499102,523,126.25834473
ETH-USD,2026-01-20 15:33:00-08:00,2942.61000000,2943.80000000,2942.11000000,2942.41000000,57.59692893,220,2942.94530828
SOL-USD,2026-01-20 15:33:00-08:00,126.24000000,126.26000000,126.11000000,126.15000000,208.59197441,111,126.21592518
BTC-USD,2026-01-20 15:33:00-08:00,88224.40000000,88247.19000000,88211.97000000,88222.77000000,6.87654248,533,88229.09579821
ETH-USD,2026-01-20 15:34:00-08:00,2942.41000000,2944.94000000,2942.20000000,2944.94000000,86.27609467,192,2942.62338894
SOL-USD,2026-01-20 15:34:00-08:00,126.14000000,126.14000000,126.06000000,126.14000000,783.23616499,149,126.08725696
BTC-USD,2026-01-20 15:34:00-08:00,88221.00000000,88287.32000000,88219.76000000,88285.13000000,8.02305972,447,88237.93267157
BTC-USD,2026-01-20 15:35:00-08:00,88284.03000000,88329.45000000,88275.92000000,88325.59000000,2.63861905,455,88312.42446366
ETH-USD,2026-01-20 15:35:00-08:00,2944.74000000,2947.16000000,2944.51000000,2946.38000000,67.50418663,244,2946.46613580
SOL-USD,2026-01-20 15:35:00-08:00,126.12000000,126.19000000,126.08000000,126.17000000,251.34028485,133,126.13784405
SOL-USD,2026-01-20 15:36:00-08:00,126.17000000,126.18000000,126.08000000,126.12000000,127.30658911,136,126.13832966
ETH-USD,2026-01-20 15:36:00-08:00,2946.42000000,2946.42000000,2943.92000000,2944.68000000,17.24410203,131,2944.96109004
BTC-USD,2026-01-20 15:36:00-08:00,88325.62000000,88336.73000000,88309.25000000,88334.00000000,3.03492058,390,88322.75936593
BTC-USD,2026-01-20 15:37:00-08:00,88329.28000000,88334.55000000,88322.33000000,88334.54000000,0.57855856,142,88328.16295935
SOL-USD,2026-01-20 15:37:00-08:00,126.10000000,126.14000000,126.09000000,126.14000000,58.02918720,55,126.10319531
ETH-USD,2026-01-20 15:37:00-08:00,2944.67000000,2944.67000000,2943.92000000,2944.65000000,17.35764209,87,2944.45660130
ETH-USD,2026-01-21 18:21:00-08:00,3032.40000000,3032.58000000,3032.12000000,3032.58000000,4.46787808,25,3032.43198338
SOL-USD,2026-01-21 18:21:00-08:00,130.31000000,130.31000000,130.29000000,130.29000000,12.54614083,7,130.30206254
BTC-USD,2026-01-21 18:21:00-08:00,90200.30000000,90211.80000000,90200.30000000,90209.70000000,0.14601125,49,90203.29670507
SOL-USD,2026-01-21 18:22:00-08:00,130.29000000,130.32000000,130.25000000,130.26000000,202.42995697,96,130.27848057
BTC-USD,2026-01-21 18:22:00-08:00,90209.70000000,90209.70000000,90165.54000000,90165.54000000,5.16410418,335,90192.32235792
ETH-USD,2026-01-21 18:22:00-08:00,3032.40000000,3032.40000000,3029.92000000,3029.92000000,70.22915462,250,3031.00214817
BTC-USD,2026-01-21 18:23:00-08:00,90162.85000000,90205.44000000,90118.91000000,90194.26000000,2.88562342,304,90151.80468324
SOL-USD,2026-01-21 18:23:00-08:00,130.23000000,130.31000000,130.16000000,130.28000000,466.61794339,130,130.19562089
ETH-USD,2026-01-21 18:23:00-08:00,3029.92000000,3030.81000000,3027.84000000,3030.44000000,42.25045586,182,3029.58360624
ETH-USD,2026-01-21 18:24:00-08:00,3030.04000000,3030.38000000,3028.75000000,3028.75000000,25.32557567,136,3029.28910089
SOL-USD,2026-01-21 18:24:00-08:00,130.28000000,130.30000000,130.22000000,130.28000000,84.03622847,79,130.25316972
BTC-USD,2026-01-21 18:24:00-08:00,90194.27000000,90205.26000000,90173.75000000,90174.91000000,2.77927249,293,90187.91275870
ETH-USD,2026-01-21 18:25:00-08:00,3028.75000000,3031.37000000,3028.29000000,3031.24000000,19.95945332,141,3029.75618761
SOL-USD,2026-01-21 18:25:00-08:00,130.27000000,130.34000000,130.23000000,130.34000000,80.42957361,67,130.30234242
BTC-USD,2026-01-21 18:25:00-08:00,90174.91000000,90217.60000000,90169.46000000,90217.60000000,3.42493356,195,90187.03307827
SOL-USD,2026-01-21 18:26:00-08:00,130.35000000,130.47000000,130.34000000,130.45000000,414.02946278,117,130.40599032
BTC-USD,2026-01-21 18:26:00-08:00,90218.00000000,90273.35000000,90216.47000000,90237.55000000,1.79314662,285,90249.69012912
ETH-USD,2026-01-21 18:26:00-08:00,3031.35000000,3035.84000000,3031.35000000,3034.01000000,63.34135848,250,3033.80924180
SOL-USD,2026-01-21 18:27:00-08:00,130.47000000,130.47000000,130.37000000,130.41000000,107.53066823,68,130.42233003
BTC-USD,2026-01-21 18:27:00-08:00,90238.02000000,90259.38000000,90191.65000000,90194.00000000,3.09325202,402,90231.73958511
ETH-USD,2026-01-21 18:27:00-08:00,3033.98000000,3033.98000000,3031.83000000,3032.52000000,16.27856397,105,3033.15957495
SOL-USD,2026-01-21 18:28:00-08:00,130.44000000,130.46000000,130.34000000,130.39000000,264.04591809,100,130.37778878
ETH-USD,2026-01-21 18:28:00-08:00,3032.52000000,3034.00000000,3031.74000000,3034.00000000,85.35115084,277,3032.58733397
BTC-USD,2026-01-21 18:28:00-08:00,90194.36000000,90218.88000000,90174.90000000,90218.81000000,3.34963542,379,90199.06277647
BTC-USD,2026-01-21 18:29:00-08:00,90218.82000000,90218.82000000,90180.33000000,90196.74000000,2.84614072,273,90201.59517301
SOL-USD,2026-01-21 18:29:00-08:00,130.38000000,130.40000000,130.34000000,130.37000000,111.69854684,79,130.36658607
ETH-USD,2026-01-21 18:29:00-08:00,3033.19000000,3033.49000000,3031.97000000,3033.32000000,6.93000131,94,3032.79524687
SOL-USD,2026-01-21 18:30:00-08:00,130.34000000,130.36000000,130.26000000,130.29000000,252.55443101,95,130.31080235
ETH-USD,2026-01-21 18:30:00-08:00,3033.32000000,3033.32000000,3030.65000000,3030.89000000,86.56053983,220,3031.86239302
BTC-USD,2026-01-21 18:30:00-08:00,90196.73000000,90196.73000000,90126.00000000,90132.63000000,2.93922361,313,90152.17893374
SOL-USD,2026-01-21 18:31:00-08:00,130.28000000,130.30000000,130.06000000,130.09000000,232.64369575,102,130.18353097
ETH-USD,2026-01-21 18:31:00-08:00,3030.90000000,3031.34000000,3024.85000000,3026.81000000,151.48777119,334,3027.37167637
BTC-USD,2026-01-21 18:31:00-08:00,90132.62000000,90150.77000000,89991.89000000,90029.91000000,5.99442585,416,90081.13310875
SOL-USD,2026-01-21 18:32:00-08:00,130.10000000,130.18000000,129.96000000,130.13000000,1055.28976797,171,130.00597531
BTC-USD,2026-01-21 18:32:00-08:00,90032.73000000,90065.88000000,89992.19000000,90055.99000000,4.17784002,256,90019.11361599
ETH-USD,2026-01-21 18:32:00-08:00,3026.65000000,3027.73000000,3023.81000000,3027.39000000,92.32327160,257,3025.27052981
SOL-USD,2026-01-21 18:33:00-08:00,130.13000000,130.13000000,130.01000000,130.04000000,185.39221570,124,130.06617852
ETH-USD,2026-01-21 18:33:00-08:00,3027.38000000,3027.38000000,3023.03000000,3023.80000000,42.90874926,229,3025.00513832
BTC-USD,2026-01-21 18:33:00-08:00,90055.99000000,90055.99000000,89991.89000000,90000.00000000,5.17215541,299,90011.28713238
BTC-USD,2026-01-21 18:34:00-08:00,89991.90000000,90046.35000000,89991.90000000,90003.00000000,3.42078544,246,90025.05248076
ETH-USD,2026-01-21 18:34:00-08:00,3023.58000000,3025.34000000,3022.80000000,3022.80000000,78.72634633,247,3024.17677167
SOL-USD,2026-01-21 18:34:00-08:00,130.05000000,130.14000000,130.02000000,130.06000000,247.01660872,136,130.08334732
SOL-USD,2026-01-21 18:35:00-08:00,130.06000000,130.10000000,129.98000000,130.00000000,153.62301566,114,130.06544977
BTC-USD,2026-01-21 18:35:00-08:00,90000.05000000,90025.99000000,89979.90000000,89979.91000000,2.45944582,220,89998.33518321
ETH-USD,2026-01-21 18:35:00-08:00,3022.82000000,3023.54000000,3020.83000000,3022.50000000,45.74924604,186,3022.15579184
ETH-USD,2026-01-21 18:36:00-08:00,3021.99000000,3024.27000000,3021.99000000,3024.07000000,88.24145235,234,3023.11970929
SOL-USD,2026-01-21 18:36:00-08:00,130.01000000,130.04000000,129.95000000,129.97000000,122.41502272,100,130.01002049
BTC-USD,2026-01-21 18:36:00-08:00,89979.91000000,90001.99000000,89978.00000000,90001.99000000,2.62143284,354,89995.97716188
BTC-USD,2026-01-21 18:37:00-08:00,90005.50000000,90005.50000000,89936.76000000,89964.63000000,4.39316697,341,89965.89305457
SOL-USD,2026-01-21 18:37:00-08:00,129.98000000,129.99000000,129.88000000,129.92000000,83.19901959,113,129.93355273
ETH-USD,2026-01-21 18:37:00-08:00,3024.19000000,3024.19000000,3021.93000000,3022.42000000,44.82642139,234,3022.97463461
BTC-USD,2026-01-21 18:38:00-08:00,89964.62000000,90017.66000000,89964.62000000,90009.99000000,2.57587608,309,89988.37150482
ETH-USD,2026-01-21 18:38:00-08:00,3022.63000000,3025.22000000,3022.59000000,3024.60000000,145.16122008,248,3024.56861381
SOL-USD,2026-01-21 18:38:00-08:00,129.93000000,130.06000000,129.93000000,130.05000000,209.14977878,110,129.99680462
SOL-USD,2026-01-21 18:39:00-08:00,130.04000000,130.10000000,130.01000000,130.08000000,32.01912549,71,130.05456256
BTC-USD,2026-01-21 18:39:00-08:00,90009.98000000,90009.99000000,89976.00000000,90004.00000000,3.66606919,233,89986.23434174
ETH-USD,2026-01-21 18:39:00-08:00,3024.60000000,3024.97000000,3023.37000000,3024.06000000,41.74443661,155,3023.94517733
ETH-USD,2026-01-21 18:40:00-08:00,3024.06000000,3024.20000000,3024.05000000,3024.09000000,12.10620308,72,3024.08280762
BTC-USD,2026-01-21 18:40:00-08:00,90003.99000000,90004.00000000,89992.32000000,89999.99000000,1.05345869,233,89997.58018433
SOL-USD,2026-01-21 18:40:00-08:00,130.09000000,130.11000000,130.05000000,130.05000000,182.53216240,80,130.09025556
ETH-USD,2026-01-21 18:41:00-08:00,3024.10000000,3024.10000000,3021.47000000,3022.50000000,82.02516263,207,3022.63938755
BTC-USD,2026-01-21 18:41:00-08:00,89999.99000000,89999.99000000,89968.01000000,89969.99000000,0.81265096,227,89979.58903187
SOL-USD,2026-01-21 18:41:00-08:00,130.06000000,130.07000000,130.02000000,130.05000000,84.43912632,71,130.04051455
ETH-USD,2026-01-21 18:42:00-08:00,3022.50000000,3026.22000000,3022.49000000,3024.86000000,30.11813867,162,3025.13238626
BTC-USD,2026-01-21 18:42:00-08:00,89969.99000000,90056.00000000,89967.07000000,90029.05000000,1.47252369,355,90003.65052535
SOL-USD,2026-01-21 18:42:00-08:00,130.04000000,130.24000000,130.04000000,130.23000000,353.59206454,122,130.09843529
ETH-USD,2026-01-21 18:43:00-08:00,3025.01000000,3026.79000000,3025.01000000,3025.26000000,19.35283712,152,3025.98775881
BTC-USD,2026-01-21 18:43:00-08:00,90028.23000000,90064.52000000,90027.34000000,90037.29000000,1.11216678,241,90045.93699168
SOL-USD,2026-01-21 18:43:00-08:00,130.22000000,130.32000000,130.21000000,130.24000000,113.68377127,110,130.27337240
ETH-USD,2026-01-21 18:44:00-08:00,3025.26000000,3025.81000000,3024.08000000,3024.42000000,33.87089533,149,3025.05249115
SOL-USD,2026-01-21 18:44:00-08:00,130.25000000,130.28000000,130.18000000,130.20000000,107.73506860,87,130.21528739
BTC-USD,2026-01-21 18:44:00-08:00,90037.29000000,90055.44000000,90020.56000000,90033.95000000,1.07810207,242,90038.76613778
SOL-USD,2026-01-21 18:45:00-08:00,130.19000000,130.20000000,130.12000000,130.13000000,117.70174880,95,130.16206484
ETH-USD,2026-01-21 18:45:00-08:00,3024.42000000,3024.42000000,3022.77000000,3022.88000000,16.55754328,118,3023.33290092
BTC-USD,2026-01-21 18:45:00-08:00,90033.94000000,90033.94000000,89985.15000000,89992.67000000,0.64460215,192,90006.61363075
BTC-USD,2026-01-21 18:46:00-08:00,89992.67000000,90006.00000000,89981.01000000,89991.86000000,2.29453407,347,89996.25313263
SOL-USD,2026-01-21 18:46:00-08:00,130.13000000,130.14000000,130.06000000,130.06000000,618.41354165,152,130.11179331
ETH-USD,2026-01-21 18:46:00-08:00,3022.88000000,3023.18000000,3022.31000000,3022.70000000,18.47128614,154,3022.77919755
BTC-USD,2026-01-21 18:47:00-08:00,89987.75000000,90004.22000000,89964.65000000,90004.22000000,0.91831166,221,89980.49382785
ETH-USD,2026-01-21 18:47:00-08:00,3022.00000000,3022.37000000,3020.43000000,3022.31000000,80.51161321,209,3021.46581882
SOL-USD,2026-01-21 18:47:00-08:00,130.05000000,130.11000000,130.01000000,130.11000000,222.22687404,119,130.04527064
ETH-USD,2026-01-21 18:48:00-08:00,3022.31000000,3022.97000000,3021.96000000,3022.51000000,16.23827865,159,3022.62372458
BTC-USD,2026-01-21 18:48:00-08:00,90004.23000000,90018.03000000,90004.23000000,90005.57000000,0.48141776,205,90010.79514434
SOL-USD,2026-01-21 18:48:00-08:00,130.11000000,130.13000000,130.08000000,130.11000000,101.63467899,76,130.11344000
SOL-USD,2026-01-21 18:49:00-08:00,130.11000000,130.11000000,130.04000000,130.06000000,29.42905891,62,130.05814902
ETH-USD,2026-01-21 18:49:00-08:00,3022.37000000,3022.37000000,3020.71000000,3021.84000000,15.14197543,95,3021.52976890
BTC-USD,2026-01-21 18:49:00-08:00,90005.57000000,90005.57000000,89975.99000000,89976.48000000,1.45025182,204,89991.69167313
BTC-USD,2026-01-21 18:50:00-08:00,89995.83000000,89996.00000000,89896.54000000,89926.97000000,4.20374245,345,89967.37238060
ETH-USD,2026-01-21 18:50:00-08:00,3021.84000000,3022.00000000,3018.40000000,3020.20000000,49.09637832,218,3020.28775261
SOL-USD,2026-01-21 18:50:00-08:00,130.05000000,130.09000000,129.92000000,129.96000000,76.46901022,107,129.98380148
BTC-USD,2026-01-21 18:51:00-08:00,89926.97000000,89937.45000000,89857.02000000,89866.95000000,2.02677432,310,89890.33507044
SOL-USD,2026-01-21 18:51:00-08:00,129.97000000,129.99000000,129.88000000,129.90000000,59.30538143,100,129.92370374
ETH-USD,2026-01-21 18:51:00-08:00,3020.20000000,3020.30000000,3017.84000000,3017.96000000,33.45710010,139,3018.48911876
BTC-USD,2026-01-21 18:52:00-08:00,89866.96000000,89889.04000000,89855.01000000,89865.83000000,3.56928489,273,89869.64311693
ETH-USD,2026-01-21 18:52:00-08:00,3017.83000000,3017.99000000,3016.91000000,3016.92000000,25.69343533,153,3017.37450919
SOL-USD,2026-01-21 18:52:00-08:00,129.90000000,129.91000000,129.85000000,129.86000000,137.96530610,81,129.87219708
BTC-USD,2026-01-21 18:53:00-08:00,89865.83000000,89903.27000000,89850.01000000,89874.02000000,2.88296016,374,89867.18623725
SOL-USD,2026-01-21 18:53:00-08:00,129.85000000,129.87000000,129.81000000,129.84000000,127.83000152,119,129.84050760
ETH-USD,2026-01-21 18:53:00-08:00,3016.92000000,3017.18000000,3015.88000000,3015.88000000,52.71315563,195,3016.50103121
ETH-USD,2026-01-21 18:54:00-08:00,3015.88000000,3015.88000000,3012.12000000,3014.25000000,91.91588383,333,3013.57121733
BTC-USD,2026-01-21 18:54:00-08:00,89874.01000000,89874.01000000,89740.42000000,89784.54000000,25.47897227,553,89774.27868945
SOL-USD,2026-01-21 18:54:00-08:00,129.84000000,129.84000000,129.65000000,129.71000000,134.62484213,133,129.70869063
ETH-USD,2026-01-21 18:55:00-08:00,3014.20000000,3014.70000000,3013.01000000,3013.60000000,43.85726522,159,3013.57644991
BTC-USD,2026-01-21 18:55:00-08:00,89784.53000000,89800.00000000,89755.81000000,89790.00000000,3.83525584,384,89789.08328172
SOL-USD,2026-01-21 18:55:00-08:00,129.68000000,129.70000000,129.62000000,129.62000000,67.62907812,79,129.65471109
BTC-USD,2026-01-21 18:56:00-08:00,89790.00000000,89843.37000000,89789.99000000,89835.53000000,0.93228603,237,89823.12630853
SOL-USD,2026-01-21 18:56:00-08:00,129.62000000,129.65000000,129.62000000,129.63000000,123.38236701,75,129.63079895
ETH-USD,2026-01-21 18:56:00-08:00,3013.60000000,3015.84000000,3013.60000000,3015.12000000,15.38626343,149,3014.60011425
ETH-USD,2026-01-21 18:57:00-08:00,3015.32000000,3015.86000000,3015.00000000,3015.70000000,13.09629421,102,3015.52888822
SOL-USD,2026-01-21 18:57:00-08:00,129.63000000,129.70000000,129.58000000,129.70000000,943.74528963,116,129.61046067
BTC-USD,2026-01-21 18:57:00-08:00,89835.53000000,89865.00000000,89826.28000000,89864.99000000,1.74469475,244,89850.47285172
SOL-USD,2026-01-21 18:58:00-08:00,129.70000000,129.73000000,129.66000000,129.66000000,1085.42303078,103,129.67366342
ETH-USD,2026-01-21 18:58:00-08:00,3015.66000000,3016.52000000,3015.23000000,3015.36000000,8.37967595,124,3015.90589803
BTC-USD,2026-01-21 18:58:00-08:00,89865.00000000,89873.84000000,89855.67000000,89855.68000000,0.92204132,176,89868.46138238
BTC-USD,2026-01-21 18:59:00-08:00,89855.68000000,89871.88000000,89847.30000000,89850.13000000,3.13305777,233,89864.16315155
ETH-USD,2026-01-21 18:59:00-08:00,3015.36000000,3015.36000000,3014.09000000,3014.81000000,19.70217129,99,3015.02891775
SOL-USD,2026-01-21 18:59:00-08:00,129.67000000,129.69000000,129.64000000,129.69000000,365.91275105,136,129.68132923
ETH-USD,2026-01-21 19:00:00-08:00,3014.82000000,3017.29000000,3014.82000000,3016.86000000,33.13040081,156,3016.21766253
SOL-USD,2026-01-21 19:00:00-08:00,129.69000000,129.78000000,129.69000000,129.76000000,629.42444604,270,129.75756080
BTC-USD,2026-01-21 19:00:00-08:00,89860.22000000,89905.62000000,89850.14000000,89902.11000000,5.34202639,361,89883.61005871
SOL-USD,2026-01-21 19:01:00-08:00,129.75000000,129.93000000,129.73000000,129.87000000,91.53542367,88,129.84815642
BTC-USD,2026-01-21 19:01:00-08:00,89902.12000000,89952.00000000,89888.01000000,89932.87000000,5.70650946,336,89923.74172552
ETH-USD,2026-01-21 19:01:00-08:00,3016.66000000,3020.34000000,3015.63000000,3019.90000000,59.93231728,244,3018.38542228
ETH-USD,2026-01-21 19:02:00-08:00,3019.84000000,3020.50000000,3018.74000000,3020.04000000,17.41675355,120,3019.48741442
SOL-USD,2026-01-21 19:02:00-08:00,129.87000000,129.87000000,129.78000000,129.86000000,122.47120512,114,129.82843065
BTC-USD,2026-01-21 19:02:00-08:00,89932.86000000,89932.86000000,89905.62000000,89931.01000000,4.27954060,260,89914.07799979
BTC-USD,2026-01-21 19:03:00-08:00,89927.90000000,89945.51000000,89920.00000000,89927.93000000,0.92171000,194,89934.31355981
ETH-USD,2026-01-21 19:03:00-08:00,3020.03000000,3021.06000000,3019.80000000,3020.52000000,24.66219105,136,3020.45140823
SOL-USD,2026-01-21 19:03:00-08:00,129.86000000,129.88000000,129.83000000,129.86000000,63.88755504,80,129.85912400
BTC-USD,2026-01-21 19:04:00-08:00,89927.93000000,90003.00000000,89927.92000000,89977.63000000,3.70962809,287,89986.03444263
SOL-USD,2026-01-21 19:04:00-08:00,129.87000000,129.96000000,129.85000000,129.95000000,102.21932423,80,129.93367546
ETH-USD,2026-01-21 19:04:00-08:00,3020.80000000,3023.14000000,3020.22000000,3022.09000000,13.94303104,142,3022.20517103
BTC-USD,2026-01-21 19:05:00-08:00,89977.63000000,90025.00000000,89956.76000000,90015.63000000,4.30434374,354,89987.57839878
ETH-USD,2026-01-21 19:05:00-08:00,3022.10000000,3025.15000000,3021.60000000,3025.12000000,47.70987016,197,3023.10255092
SOL-USD,2026-01-21 19:05:00-08:00,129.94000000,129.96000000,129.88000000,129.96000000,593.53696835,113,129.92757802
SOL-USD,2026-01-21 19:06:00-08:00,129.96000000,130.05000000,129.96000000,130.03000000,124.53564867,76,129.99114158
ETH-USD,2026-01-21 19:06:00-08:00,3024.68000000,3026.40000000,3024.58000000,3025.23000000,22.58017559,139,3025.60948206
BTC-USD,2026-01-21 19:06:00-08:00,90015.58000000,90075.30000000,90015.58000000,90046.36000000,1.75358077,279,90046.63416094
BTC-USD,2026-01-21 19:07:00-08:00,90046.36000000,90059.99000000,90041.82000000,90050.08000000,1.09443208,222,90049.97746111
ETH-USD,2026-01-21 19:07:00-08:00,3025.24000000,3025.74000000,3024.23000000,3025.59000000,23.29571348,139,3024.98989953
SOL-USD,2026-01-21 19:07:00-08:00,130.03000000,130.10000000,130.01000000,130.10000000,89.63227408,103,130.04530722
SOL-USD,2026-01-21 19:08:00-08:00,130.09000000,130.15000000,130.04000000,130.05000000,353.64993239,125,130.06960041
ETH-USD,2026-01-21 19:08:00-08:00,3025.49000000,3027.56000000,3024.97000000,3024.97000000,53.41496872,223,3026.40367614
BTC-USD,2026-01-21 19:08:00-08:00,90050.09000000,90072.64000000,90019.13000000,90019.13000000,1.03754332,191,90039.28287140
BTC-USD,2026-01-21 19:09:00-08:00,90019.13000000,90035.47000000,90011.27000000,90028.28000000,0.41844028,179,90019.02129946
ETH-USD,2026-01-21 19:09:00-08:00,3024.85000000,3025.28000000,3023.68000000,3024.32000000,19.45937387,167,3024.15448287
SOL-USD,2026-01-21 19:09:00-08:00,130.04000000,130.08000000,130.02000000,130.07000000,76.40389854,72,130.05445532
BTC-USD,2026-01-21 19:10:00-08:00,90028.28000000,90059.98000000,90028.28000000,90053.98000000,1.30063764,234,90050.45562240
SOL-USD,2026-01-21 19:10:00-08:00,130.06000000,130.15000000,130.06000000,130.11000000,73.69640741,80,130.10862044
ETH-USD,2026-01-21 19:10:00-08:00,3024.24000000,3025.88000000,3024.24000000,3025.40000000,14.42966082,133,3025.32400678
ETH-USD,2026-01-21 19:11:00-08:00,3025.52000000,3027.95000000,3025.41000000,3026.67000000,9.68904720,130,3027.07789691
SOL-USD,2026-01-21 19:11:00-08:00,130.12000000,130.19000000,130.10000000,130.13000000,102.65300264,78,130.13249924
BTC-USD,2026-01-21 19:11:00-08:00,90053.97000000,90075.30000000,90042.93000000,90053.97000000,0.86891935,219,90062.95867159
SOL-USD,2026-01-21 19:12:00-08:00,130.13000000,130.16000000,130.08000000,130.08000000,58.97746202,69,130.11445371
ETH-USD,2026-01-21 19:12:00-08:00,3026.94000000,3028.14000000,3025.51000000,3025.97000000,24.12847994,181,3027.15067552
BTC-USD,2026-01-21 19:12:00-08:00,90056.56000000,90059.99000000,90025.72000000,90030.00000000,1.34243721,260,90044.45943460
SOL-USD,2026-01-21 19:13:00-08:00,130.09000000,130.14000000,130.08000000,130.09000000,39.12555434,69,130.10938211
ETH-USD,2026-01-21 19:13:00-08:00,3025.96000000,3026.13000000,3024.46000000,3024.51000000,11.50823803,96,3025.34399423
BTC-USD,2026-01-21 19:13:00-08:00,90029.99000000,90046.37000000,90010.04000000,90011.06000000,1.47137028,254,90014.38038097
SOL-USD,2026-01-21 19:14:00-08:00,130.08000000,130.14000000,130.04000000,130.07000000,618.41959618,134,130.07895248
ETH-USD,2026-01-21 19:14:00-08:00,3024.38000000,3025.20000000,3024.09000000,3024.19000000,12.46745828,111,3024.63897273
BTC-USD,2026-01-21 19:14:00-08:00,90011.07000000,90037.19000000,90010.04000000,90010.04000000,2.22645834,220,90022.23334608
ETH-USD,2026-01-21 19:15:00-08:00,3023.93000000,3024.06000000,3022.56000000,3023.28000000,35.04097295,191,3023.07920617
SOL-USD,2026-01-21 19:15:00-08:00,130.06000000,130.06000000,129.99000000,130.05000000,159.52919776,95,130.02620870
BTC-USD,2026-01-21 19:15:00-08:00,90010.04000000,90010.04000000,89956.48000000,89969.51000000,4.15378693,318,89975.27673071
SOL-USD,2026-01-21 19:16:00-08:00,130.02000000,130.03000000,129.69000000,129.69000000,305.66481752,136,129.93532151
ETH-USD,2026-01-21 19:16:00-08:00,3023.02000000,3023.02000000,3014.09000000,3014.51000000,128.87970554,419,3017.90188098
BTC-USD,2026-01-21 19:16:00-08:00,89969.50000000,89969.50000000,89770.68000000,89771.92000000,6.77822718,402,89853.22401304
BTC-USD,2026-01-21 19:17:00-08:00,89770.70000000,89851.14000000,89760.36000000,89851.14000000,3.11304782,307,89796.03268400
SOL-USD,2026-01-21 19:17:00-08:00,129.69000000,129.81000000,129.65000000,129.77000000,479.94745368,120,129.70690089
ETH-USD,2026-01-21 19:17:00-08:00,3014.45000000,3016.77000000,3013.80000000,3016.27000000,47.53609524,210,3015.29311980
SOL-USD,2026-01-21 19:18:00-08:00,129.77000000,129.77000000,129.68000000,129.74000000,111.10451238,67,129.72950915
ETH-USD,2026-01-21 19:18:00-08:00,3016.27000000,3016.90000000,3015.23000000,3016.84000000,38.40948437,164,3016.07949738
BTC-USD,2026-01-21 19:18:00-08:00,89851.13000000,89869.29000000,89834.01000000,89869.29000000,3.29547828,214,89848.76282366
BTC-USD,2026-01-21 19:19:00-08:00,89869.29000000,89869.29000000,89840.83000000,89847.82000000,1.18262528,256,89850.99221987
ETH-USD,2026-01-21 19:19:00-08:00,3016.48000000,3016.53000000,3016.00000000,3016.41000000,10.38923068,102,3016.21418513
SOL-USD,2026-01-21 19:19:00-08:00,129.73000000,129.80000000,129.72000000,129.77000000,80.97245438,83,129.76916166
BTC-USD,2026-01-21 19:20:00-08:00,89847.81000000,89922.99000000,89844.62000000,89910.15000000,2.86601300,373,89885.45844486
SOL-USD,2026-01-21 19:20:00-08:00,129.79000000,129.93000000,129.79000000,129.93000000,38.84442909,88,129.85201567
ETH-USD,2026-01-21 19:20:00-08:00,3016.42000000,3017.82000000,3016.41000000,3017.81000000,15.93899335,168,3016.95455231
BTC-USD,2026-01-21 19:21:00-08:00,89910.16000000,89920.00000000,89910.15000000,89910.16000000,1.32046986,230,89917.40565031
ETH-USD,2026-01-21 19:21:00-08:00,3017.82000000,3018.07000000,3016.92000000,3016.94000000,31.06801480,130,3017.46816157
SOL-USD,2026-01-21 19:21:00-08:00,129.92000000,129.97000000,129.91000000,129.93000000,54.54604728,79,129.93999416
BTC-USD,2026-01-21 19:22:00-08:00,89910.16000000,89953.10000000,89910.15000000,89931.99000000,2.25579537,227,89943.44762538
ETH-USD,2026-01-21 19:22:00-08:00,3017.02000000,3018.09000000,3017.02000000,3017.88000000,14.61135354,107,3017.66416530
SOL-USD,2026-01-21 19:22:00-08:00,129.93000000,129.96000000,129.91000000,129.93000000,68.72603274,60,129.95458351
ETH-USD,2026-01-21 19:23:00-08:00,3017.45000000,3017.79000000,3016.05000000,3016.84000000,24.77856334,188,3016.45244687
SOL-USD,2026-01-21 19:23:00-08:00,129.93000000,129.93000000,129.84000000,129.88000000,131.61872953,94,129.87028061
BTC-USD,2026-01-21 19:23:00-08:00,89931.99000000,89931.99000000,89905.95000000,89928.31000000,2.60072858,261,89923.49997959
ETH-USD,2026-01-21 19:24:00-08:00,3016.84000000,3018.35000000,3016.40000000,3017.63000000,42.32719506,129,3017.80013189
BTC-USD,2026-01-21 19:24:00-08:00,89928.31000000,89928.32000000,89879.47000000,89925.99000000,4.97989687,328,89902.38343530
SOL-USD,2026-01-21 19:24:00-08:00,129.88000000,129.93000000,129.86000000,129.93000000,175.68469555,90,129.89033647
SOL-USD,2026-01-21 19:25:00-08:00,129.93000000,129.93000000,129.80000000,129.81000000,1883.17779013,154,129.86049301
BTC-USD,2026-01-21 19:25:00-08:00,89924.00000000,89924.00000000,89850.00000000,89850.01000000,1.46273593,188,89895.05410087
ETH-USD,2026-01-21 19:25:00-08:00,3017.49000000,3017.67000000,3013.94000000,3013.94000000,58.02790024,239,3015.45196424
SOL-USD,2026-01-21 19:26:00-08:00,129.81000000,129.85000000,129.76000000,129.83000000,180.97711381,93,129.79822577
ETH-USD,2026-01-21 19:26:00-08:00,3014.04000000,3015.23000000,3013.01000000,3015.04000000,30.18372677,179,3013.98139920
BTC-USD,2026-01-21 19:26:00-08:00,89850.01000000,89859.98000000,89811.28000000,89849.17000000,6.01463327,287,89845.84936090
SOL-USD,2026-01-21 19:27:00-08:00,129.84000000,129.89000000,129.79000000,129.87000000,114.28944815,82,129.81724020
BTC-USD,2026-01-21 19:27:00-08:00,89849.16000000,89860.22000000,89848.01000000,89860.22000000,0.37154154,214,89851.47275627
ETH-USD,2026-01-21 19:27:00-08:00,3015.09000000,3015.70000000,3015.04000000,3015.69000000,6.88751407,88,3015.20649400
SOL-USD,2026-01-21 19:28:00-08:00,129.88000000,129.92000000,129.87000000,129.89000000,95.33246862,78,129.91088991
BTC-USD,2026-01-21 19:28:00-08:00,89860.22000000,89877.02000000,89855.97000000,89873.62000000,2.21291523,271,89867.50789459
ETH-USD,2026-01-21 19:28:00-08:00,3015.69000000,3016.00000000,3015.14000000,3015.36000000,5.52289544,87,3015.74170992
SOL-USD,2026-01-21 19:29:00-08:00,129.89000000,129.89000000,129.77000000,129.77000000,105.54994572,92,129.79794660
ETH-USD,2026-01-21 19:29:00-08:00,3015.39000000,3015.39000000,3013.67000000,3013.67000000,17.15949803,124,3014.09483786
BTC-USD,2026-01-21 19:29:00-08:00,89873.00000000,89873.68000000,89842.06000000,89843.31000000,0.53000897,215,89852.72973267
SOL-USD,2026-01-21 19:30:00-08:00,129.78000000,129.81000000,129.67000000,129.78000000,216.82441931,146,129.73725992
BTC-USD,2026-01-21 19:30:00-08:00,89842.07000000,89842.07000000,89760.52000000,89799.98000000,5.24572428,503,89779.56751803
ETH-USD,2026-01-21 19:30:00-08:00,3013.66000000,3013.66000000,3009.02000000,3011.72000000,94.28114118,387,3011.19739336
SOL-USD,2026-01-21 19:31:00-08:00,129.78000000,129.78000000,129.71000000,129.77000000,164.17978899,100,129.73566204
BTC-USD,2026-01-21 19:31:00-08:00,89798.79000000,89798.79000000,89750.60000000,89768.20000000,4.46301798,357,89769.32409634
ETH-USD,2026-01-21 19:31:00-08:00,3011.71000000,3011.71000000,3007.59000000,3009.66000000,93.35316807,257,3008.72150630
SOL-USD,2026-01-21 19:32:00-08:00,129.77000000,129.80000000,129.72000000,129.77000000,114.96059425,98,129.76450554
BTC-USD,2026-01-21 19:32:00-08:00,89768.18000000,89773.93000000,89729.07000000,89762.80000000,1.07831731,208,89755.99475466
ETH-USD,2026-01-21 19:32:00-08:00,3009.76000000,3009.83000000,3007.16000000,3009.24000000,86.78554549,166,3008.60977182
ETH-USD,2026-01-21 19:33:00-08:00,3009.37000000,3009.76000000,3007.82000000,3008.34000000,54.30836851,223,3008.80026751
SOL-USD,2026-01-21 19:33:00-08:00,129.79000000,129.80000000,129.71000000,129.76000000,152.08199735,121,129.75772432
BTC-USD,2026-01-21 19:33:00-08:00,89764.88000000,89778.50000000,89727.84000000,89744.85000000,5.31204194,315,89753.99425279
ETH-USD,2026-01-21 19:34:00-08:00,3008.33000000,3008.33000000,2999.43000000,3001.10000000,344.59018623,840,3003.41967285
SOL-USD,2026-01-21 19:34:00-08:00,129.76000000,129.76000000,129.51000000,129.55000000,286.63758098,160,129.64743817
BTC-USD,2026-01-21 19:34:00-08:00,89744.85000000,89744.85000000,89641.75000000,89656.01000000,13.64887723,723,89697.76187626
BTC-USD,2026-01-21 19:35:00-08:00,89656.01000000,89686.62000000,89635.11000000,89651.44000000,1.61956963,239,89655.92607275
SOL-USD,2026-01-21 19:35:00-08:00,129.55000000,129.60000000,129.47000000,129.51000000,449.17934369,172,129.52528254
ETH-USD,2026-01-21 19:35:00-08:00,3001.28000000,3003.77000000,2999.48000000,3001.01000000,133.35502295,399,3001.80723283
BTC-USD,2026-01-21 19:36:00-08:00,89651.44000000,89694.07000000,89605.99000000,89694.06000000,3.22661482,320,89635.77510339
SOL-USD,2026-01-21 19:36:00-08:00,129.53000000,129.60000000,129.41000000,129.60000000,349.63087655,126,129.49325980
ETH-USD,2026-01-21 19:36:00-08:00,3001.02000000,3003.20000000,2996.51000000,3003.19000000,179.90788370,501,2999.30771897
ETH-USD,2026-01-21 19:37:00-08:00,3003.17000000,3005.09000000,3003.10000000,3004.47000000,42.27764133,185,3004.17028867
SOL-USD,2026-01-21 19:37:00-08:00,129.61000000,129.66000000,129.61000000,129.65000000,82.31472762,87,129.63533353
BTC-USD,2026-01-21 19:37:00-08:00,89693.99000000,89733.97000000,89693.99000000,89725.09000000,1.99353808,300,89717.58483573
BTC-USD,2026-01-21 19:38:00-08:00,89725.09000000,89726.40000000,89701.32000000,89723.35000000,2.20318967,259,89714.76692642
ETH-USD,2026-01-21 19:38:00-08:00,3004.37000000,3005.67000000,3003.92000000,3005.63000000,32.61467175,168,3004.61341947
SOL-USD,2026-01-21 19:38:00-08:00,129.64000000,129.64000000,129.60000000,129.63000000,157.54516386,83,129.62868154
BTC-USD,2026-01-21 19:39:00-08:00,89723.36000000,89757.37000000,89719.49000000,89724.18000000,1.03753864,212,89740.88796414
SOL-USD,2026-01-21 19:39:00-08:00,129.62000000,129.70000000,129.61000000,129.65000000,105.13285788,82,129.64489324
ETH-USD,2026-01-21 19:39:00-08:00,3005.62000000,3007.06000000,3005.59000000,3005.87000000,28.20963923,175,3006.40025509
SOL-USD,2026-01-21 19:40:00-08:00,129.65000000,129.78000000,129.63000000,129.75000000,311.94251602,107,129.73961566
BTC-USD,2026-01-21 19:40:00-08:00,89724.19000000,89747.81000000,89705.89000000,89742.35000000,2.75130032,229,89720.89204746
ETH-USD,2026-01-21 19:40:00-08:00,3006.10000000,3008.24000000,3005.43000000,3007.91000000,52.27795590,169,3006.73283374
ETH-USD,2026-01-21 19:41:00-08:00,3008.07000000,3008.45000000,3007.56000000,3007.94000000,55.93761542,144,3007.99239205
BTC-USD,2026-01-21 19:41:00-08:00,89742.21000000,89755.80000000,89729.02000000,89742.19000000,0.96191158,210,89749.51452275
SOL-USD,2026-01-21 19:41:00-08:00,129.76000000,129.76000000,129.70000000,129.73000000,62.47055878,66,129.74296849
ETH-USD,2026-01-21 19:42:00-08:00,3007.95000000,3008.33000000,3007.32000000,3007.56000000,11.39588018,77,3008.06407135
BTC-USD,2026-01-21 19:42:00-08:00,89742.19000000,89751.99000000,89724.02000000,89724.03000000,0.36690262,152,89742.62023187
SOL-USD,2026-01-21 19:42:00-08:00,129.73000000,129.74000000,129.68000000,129.68000000,94.62945033,74,129.69630420
ETH-USD,2026-01-21 19:43:00-08:00,3007.56000000,3008.98000000,3007.56000000,3008.97000000,19.08864071,94,3008.32724441
BTC-USD,2026-01-21 19:43:00-08:00,89724.21000000,89760.00000000,89724.21000000,89751.26000000,1.50198715,288,89735.90128965
SOL-USD,2026-01-21 19:43:00-08:00,129.68000000,129.76000000,129.68000000,129.76000000,286.71930604,90,129.70395202
SOL-USD,2026-01-21 19:44:00-08:00,129.76000000,129.76000000,129.70000000,129.71000000,720.02186937,124,129.74857134
BTC-USD,2026-01-21 19:44:00-08:00,89751.26000000,89757.99000000,89738.76000000,89738.78000000,0.26126821,124,89748.42724856
ETH-USD,2026-01-21 19:44:00-08:00,3008.97000000,3009.07000000,3008.14000000,3008.15000000,9.00310396,78,3008.56730692
BTC-USD,2026-01-21 19:45:00-08:00,89738.77000000,89791.14000000,89724.02000000,89759.87000000,7.44152508,463,89749.81367444
ETH-USD,2026-01-21 19:45:00-08:00,3008.14000000,3009.62000000,3007.27000000,3008.73000000,61.57468505,224,3008.46993742
SOL-USD,2026-01-21 19:45:00-08:00,129.70000000,129.74000000,129.64000000,129.74000000,463.54045308,119,129.70773574
BTC-USD,2026-01-21 19:46:00-08:00,89759.98000000,89787.99000000,89759.97000000,89776.00000000,0.77146049,218,89777.52305384
SOL-USD,2026-01-21 19:46:00-08:00,129.73000000,129.81000000,129.73000000,129.78000000,59.38996415,101,129.76959013
ETH-USD,2026-01-21 19:46:00-08:00,3008.72000000,3009.87000000,3008.72000000,3009.04000000,11.07160435,79,3009.34216062
SOL-USD,2026-01-21 19:47:00-08:00,129.78000000,129.86000000,129.78000000,129.82000000,97.12736646,82,129.82393095
BTC-USD,2026-01-21 19:47:00-08:00,89779.46000000,89794.50000000,89775.38000000,89784.75000000,2.42822321,197,89787.94984790
ETH-USD,2026-01-21 19:47:00-08:00,3008.99000000,3010.02000000,3008.99000000,3009.50000000,20.47579288,123,3009.36247694
BTC-USD,2026-01-21 19:48:00-08:00,89784.76000000,89790.81000000,89780.00000000,89784.76000000,1.95174667,169,89785.37092966
ETH-USD,2026-01-21 19:48:00-08:00,3009.49000000,3010.08000000,3009.31000000,3010.03000000,8.63051065,131,3009.65527203
SOL-USD,2026-01-21 19:48:00-08:00,129.82000000,129.84000000,129.79000000,129.81000000,418.81418665,87,129.82183176
SOL-USD,2026-01-21 19:49:00-08:00,129.80000000,129.81000000,129.75000000,129.80000000,212.42900808,76,129.78360797
ETH-USD,2026-01-21 19:49:00-08:00,3010.02000000,3010.02000000,3008.99000000,3009.64000000,16.46111018,124,3009.63948400
BTC-USD,2026-01-21 19:49:00-08:00,89784.76000000,89804.90000000,89776.00000000,89793.99000000,1.90647240,222,89791.95720480
ETH-USD,2026-01-21 19:50:00-08:00,3009.64000000,3009.64000000,3007.95000000,3007.95000000,9.69153404,73,3008.28843438
BTC-USD,2026-01-21 19:50:00-08:00,89790.08000000,89790.08000000,89769.43000000,89770.00000000,0.86480463,229,89773.12746071
SOL-USD,2026-01-21 19:50:00-08:00,129.80000000,129.80000000,129.67000000,129.70000000,25.40974169,62,129.71894495
ETH-USD,2026-01-21 19:51:00-08:00,3007.94000000,3008.85000000,3007.40000000,3008.69000000,12.22437491,90,3008.13493409
BTC-USD,2026-01-21 19:51:00-08:00,89770.00000000,89797.98000000,89770.00000000,89797.98000000,1.29505733,226,89778.96113754
SOL-USD,2026-01-21 19:51:00-08:00,129.70000000,129.72000000,129.66000000,129.70000000,98.30312132,75,129.68786190
SOL-USD,2026-01-21 19:52:00-08:00,129.70000000,129.72000000,129.66000000,129.69000000,93.58532774,90,129.68322777
BTC-USD,2026-01-21 19:52:00-08:00,89797.98000000,89797.98000000,89770.09000000,89770.58000000,1.14380200,179,89778.23974122
ETH-USD,2026-01-21 19:52:00-08:00,3008.69000000,3008.69000000,3007.03000000,3007.56000000,21.83808762,161,3007.85745312
BTC-USD,2026-01-21 19:53:00-08:00,89770.69000000,89792.11000000,89770.69000000,89777.98000000,0.66342580,138,89785.14965575
ETH-USD,2026-01-21 19:53:00-08:00,3007.56000000,3008.79000000,3007.56000000,3007.82000000,13.22480253,95,3008.19563627
SOL-USD,2026-01-21 19:53:00-08:00,129.69000000,129.72000000,129.65000000,129.68000000,130.04686664,93,129.67869793
ETH-USD,2026-01-21 19:54:00-08:00,3007.78000000,3008.34000000,3007.77000000,3008.34000000,11.94703992,85,3007.97088094
BTC-USD,2026-01-21 19:54:00-08:00,89777.98000000,89787.44000000,89777.97000000,89783.98000000,0.35557446,111,89783.19742701
SOL-USD,2026-01-21 19:54:00-08:00,129.68000000,129.70000000,129.66000000,129.68000000,25.75755050,54,129.68987522
BTC-USD,2026-01-21 19:55:00-08:00,89783.99000000,89804.90000000,89783.99000000,89802.00000000,0.62506276,334,89797.87215557
SOL-USD,2026-01-21 19:55:00-08:00,129.69000000,129.72000000,129.67000000,129.69000000,54.75790951,59,129.69060821
ETH-USD,2026-01-21 19:55:00-08:00,3008.45000000,3010.31000000,3008.45000000,3009.70000000,22.12636986,120,3009.70642285
BTC-USD,2026-01-21 19:56:00-08:00,89802.94000000,89812.00000000,89798.33000000,89800.00000000,0.77338020,191,89803.38445709
SOL-USD,2026-01-21 19:56:00-08:00,129.69000000,129.72000000,129.68000000,129.69000000,23.51474233,48,129.69754061
ETH-USD,2026-01-21 19:56:00-08:00,3009.76000000,3010.82000000,3009.63000000,3010.50000000,12.49209587,99,3010.21959722
BTC-USD,2026-01-21 19:57:00-08:00,89800.00000000,89811.99000000,89800.00000000,89811.07000000,0.62477429,194,89807.62305072
ETH-USD,2026-01-21 19:57:00-08:00,3010.64000000,3011.67000000,3010.64000000,3011.65000000,3.07614228,88,3011.22004116
SOL-USD,2026-01-21 19:57:00-08:00,129.71000000,129.77000000,129.71000000,129.75000000,525.26670774,88,129.75456363
SOL-USD,2026-01-21 19:58:00-08:00,129.74000000,129.77000000,129.70000000,129.75000000,90.90458430,64,129.75422804
ETH-USD,2026-01-21 19:58:00-08:00,3011.65000000,3011.85000000,3011.32000000,3011.53000000,9.58854991,85,3011.68597410
BTC-USD,2026-01-21 19:58:00-08:00,89811.07000000,89811.94000000,89801.20000000,89801.93000000,0.36366447,127,89806.51594958
ETH-USD,2026-01-21 19:59:00-08:00,3011.52000000,3011.53000000,3011.52000000,3011.53000000,0.16705813,6,3011.52567876
SOL-USD,2026-01-21 19:59:00-08:00,129.74000000,129.76000000,129.74000000,129.74000000,3.90308363,8,129.75178858
BTC-USD,2026-01-21 19:59:00-08:00,89801.93000000,89801.93000000,89801.91000000,89801.92000000,0.04822668,16,89801.92104743
ETH-USD,2026-01-21 20:24:00-08:00,3013.28000000,3013.66000000,3013.27000000,3013.64000000,7.45176659,29,3013.48184361
BTC-USD,2026-01-21 20:24:00-08:00,89823.09000000,89823.10000000,89823.09000000,89823.10000000,0.01584270,14,89823.09828558
SOL-USD,2026-01-21 20:24:00-08:00,130.10000000,130.15000000,130.10000000,130.15000000,179.33956710,19,130.14488029
BTC-USD,2026-01-21 20:25:00-08:00,89823.10000000,89840.23000000,89807.15000000,89826.94000000,1.73811854,208,89821.62151686
ETH-USD,2026-01-21 20:25:00-08:00,3013.54000000,3013.76000000,3012.40000000,3013.26000000,15.63166646,95,3012.96932768
SOL-USD,2026-01-21 20:25:00-08:00,130.16000000,130.17000000,130.10000000,130.12000000,143.28792492,96,130.14185442
SOL-USD,2026-01-21 20:26:00-08:00,130.12000000,130.12000000,130.08000000,130.12000000,70.44052528,56,130.09390820
BTC-USD,2026-01-21 20:26:00-08:00,89826.94000000,89848.00000000,89820.57000000,89847.84000000,0.77326102,189,89828.57484539
ETH-USD,2026-01-21 20:26:00-08:00,3013.26000000,3014.42000000,3013.26000000,3014.05000000,7.18022698,77,3013.46366256
SOL-USD,2026-01-21 20:27:00-08:00,130.17000000,130.18000000,130.12000000,130.15000000,778.65312998,132,130.15277335
ETH-USD,2026-01-21 20:27:00-08:00,3014.43000000,3015.46000000,3014.06000000,3015.26000000,22.73811957,106,3014.44174146
BTC-USD,2026-01-21 20:27:00-08:00,89848.00000000,89869.81000000,89836.23000000,89868.00000000,0.91129542,205,89850.51270440
SOL-USD,2026-01-21 20:28:00-08:00,130.14000000,130.15000000,130.08000000,130.14000000,80.27720588,60,130.11396363
ETH-USD,2026-01-21 20:28:00-08:00,3015.25000000,3015.25000000,3014.18000000,3015.09000000,47.32439700,133,3014.90832065
BTC-USD,2026-01-21 20:28:00-08:00,89866.77000000,89898.00000000,89855.57000000,89890.91000000,1.31304748,160,89880.73180623
SOL-USD,2026-01-21 20:29:00-08:00,130.14000000,130.14000000,130.08000000,130.14000000,31.73257412,60,130.12366666
ETH-USD,2026-01-21 20:29:00-08:00,3015.10000000,3015.48000000,3014.12000000,3015.48000000,19.14839871,106,3014.80969118
BTC-USD,2026-01-21 20:29:00-08:00,89890.91000000,89890.91000000,89864.77000000,89890.05000000,0.89720253,205,89878.73493554
BTC-USD,2026-01-21 20:30:00-08:00,89890.04000000,89890.53000000,89834.59000000,89890.53000000,6.35794740,312,89863.38436506
ETH-USD,2026-01-21 20:30:00-08:00,3015.48000000,3017.04000000,3014.40000000,3017.02000000,41.38416408,167,3015.03811161
SOL-USD,2026-01-21 20:30:00-08:00,130.12000000,130.15000000,130.07000000,130.14000000,198.19159824,99,130.10555346
BTC-USD,2026-01-21 20:31:00-08:00,89890.52000000,89899.75000000,89858.89000000,89862.06000000,2.64015209,258,89875.73042695
ETH-USD,2026-01-21 20:31:00-08:00,3017.16000000,3017.48000000,3015.43000000,3015.44000000,13.41861254,125,3015.96240265
SOL-USD,2026-01-21 20:31:00-08:00,130.15000000,130.21000000,130.11000000,130.13000000,102.88789203,100,130.16831585
BTC-USD,2026-01-21 20:32:00-08:00,89862.06000000,89862.06000000,89850.01000000,89850.01000000,0.07171431,25,89856.10291389
ETH-USD,2026-01-21 20:32:00-08:00,3015.43000000,3015.43000000,3014.45000000,3014.45000000,0.16237590,16,3014.75924797
SOL-USD,2026-01-21 20:32:00-08:00,130.12000000,130.12000000,130.08000000,130.08000000,95.62282588,14,130.09931645
SOL-USD,2026-01-22 16:32:00-08:00,128.19000000,128.22000000,128.19000000,128.20000000,38.13189765,26,128.19689226
BTC-USD,2026-01-22 16:32:00-08:00,89502.02000000,89502.02000000,89500.26000000,89502.01000000,0.44618526,34,89501.66750222
ETH-USD,2026-01-22 16:32:00-08:00,2946.96000000,2947.57000000,2946.96000000,2947.56000000,5.84155536,21,2947.16236105
SOL-USD,2026-01-22 16:33:00-08:00,128.20000000,128.25000000,128.18000000,128.22000000,120.94048493,67,128.20632509
ETH-USD,2026-01-22 16:33:00-08:00,2947.57000000,2948.64000000,2947.57000000,2948.55000000,24.47065213,133,2948.25021500
BTC-USD,2026-01-22 16:33:00-08:00,89502.02000000,89542.01000000,89502.02000000,89523.26000000,6.30817633,297,89515.70105400
SOL-USD,2026-01-22 16:34:00-08:00,128.22000000,128.22000000,128.12000000,128.12000000,161.69344939,60,128.16498591
BTC-USD,2026-01-22 16:34:00-08:00,89523.26000000,89523.27000000,89473.02000000,89477.23000000,1.87594948,235,89510.70431396
ETH-USD,2026-01-22 16:34:00-08:00,2948.55000000,2948.60000000,2946.13000000,2946.23000000,13.09720829,135,2947.18315111
ETH-USD,2026-01-22 16:35:00-08:00,2946.36000000,2946.44000000,2942.74000000,2943.37000000,62.17623185,272,2944.90918038
BTC-USD,2026-01-22 16:35:00-08:00,89477.23000000,89480.00000000,89430.21000000,89430.21000000,1.92605302,227,89455.33571416
SOL-USD,2026-01-22 16:35:00-08:00,128.12000000,128.12000000,127.97000000,127.97000000,129.80277299,78,128.03413327
BTC-USD,2026-01-22 16:36:00-08:00,89430.20000000,89462.00000000,89403.88000000,89461.82000000,3.04364351,275,89420.50576587
ETH-USD,2026-01-22 16:36:00-08:00,2943.36000000,2946.09000000,2942.71000000,2945.58000000,71.18230479,188,2944.53926984
SOL-USD,2026-01-22 16:36:00-08:00,127.96000000,128.11000000,127.92000000,128.09000000,280.10275421,121,128.05383391
BTC-USD,2026-01-22 16:37:00-08:00,89461.82000000,89472.33000000,89440.36000000,89446.00000000,0.60348302,185,89456.64448385
ETH-USD,2026-01-22 16:37:00-08:00,2945.58000000,2946.46000000,2943.35000000,2944.99000000,54.94331385,191,2944.62946620
SOL-USD,2026-01-22 16:37:00-08:00,128.09000000,128.14000000,128.07000000,128.09000000,768.10560374,168,128.10186473
SOL-USD,2026-01-22 16:38:00-08:00,128.09000000,128.13000000,128.07000000,128.09000000,1334.99382833,456,128.09863720
ETH-USD,2026-01-22 16:38:00-08:00,2944.98000000,2946.21000000,2944.77000000,2946.11000000,42.36347089,158,2945.43376443
BTC-USD,2026-01-22 16:38:00-08:00,89445.99000000,89487.28000000,89445.99000000,89486.96000000,1.13355414,180,89465.81903796
ETH-USD,2026-01-22 16:39:00-08:00,2946.12000000,2946.90000000,2945.99000000,2946.11000000,37.74825421,131,2946.51502518
SOL-USD,2026-01-22 16:39:00-08:00,128.09000000,128.14000000,128.09000000,128.10000000,1685.01360798,688,128.11062142
BTC-USD,2026-01-22 16:39:00-08:00,89486.95000000,89491.89000000,89474.93000000,89476.75000000,2.44678765,159,89489.34992177
SOL-USD,2026-01-22 16:40:00-08:00,128.14000000,128.14000000,128.08000000,128.10000000,667.49324192,271,128.10292853
BTC-USD,2026-01-22 16:40:00-08:00,89477.98000000,89488.34000000,89464.29000000,89467.45000000,1.09837030,152,89478.80362071
ETH-USD,2026-01-22 16:40:00-08:00,2946.11000000,2946.46000000,2945.26000000,2945.80000000,38.84013132,140,2945.87899777
BTC-USD,2026-01-22 16:41:00-08:00,89467.44000000,89491.58000000,89467.44000000,89491.58000000,2.36970941,141,89477.58101894
ETH-USD,2026-01-22 16:41:00-08:00,2945.46000000,2946.79000000,2945.46000000,2946.79000000,12.54608521,65,2946.04334610
SOL-USD,2026-01-22 16:41:00-08:00,128.10000000,128.21000000,128.10000000,128.18000000,659.65751802,325,128.13985455
SOL-USD,2026-01-22 16:42:00-08:00,128.19000000,128.19000000,128.14000000,128.14000000,99.93454028,70,128.16666965
BTC-USD,2026-01-22 16:42:00-08:00,89491.58000000,89491.58000000,89467.44000000,89467.45000000,1.18389993,132,89476.23780264
ETH-USD,2026-01-22 16:42:00-08:00,2946.79000000,2947.03000000,2946.44000000,2946.45000000,14.96546028,73,2946.76558900
BTC-USD,2026-01-22 16:43:00-08:00,89467.45000000,89467.45000000,89447.88000000,89461.40000000,3.11731210,299,89455.90339746
ETH-USD,2026-01-22 16:43:00-08:00,2946.45000000,2947.00000000,2945.31000000,2946.61000000,95.13725172,188,2946.30214923
SOL-USD,2026-01-22 16:43:00-08:00,128.16000000,128.18000000,128.13000000,128.16000000,76.47589480,70,128.15270380
ETH-USD,2026-01-22 16:44:00-08:00,2946.61000000,2947.00000000,2945.47000000,2946.59000000,48.33428993,183,2946.26145085
SOL-USD,2026-01-22 16:44:00-08:00,128.17000000,128.19000000,128.11000000,128.13000000,176.95952799,139,128.15234949
BTC-USD,2026-01-22 16:44:00-08:00,89461.39000000,89471.82000000,89459.61000000,89459.61000000,1.30487087,190,89467.33802555
SOL-USD,2026-01-22 16:45:00-08:00,128.13000000,128.14000000,128.06000000,128.09000000,136.28026902,94,128.09635924
ETH-USD,2026-01-22 16:45:00-08:00,2946.60000000,2946.75000000,2945.17000000,2945.17000000,45.12158502,133,2945.80427156
BTC-USD,2026-01-22 16:45:00-08:00,89459.62000000,89459.62000000,89431.34000000,89431.34000000,1.39574527,166,89445.77596648
ETH-USD,2026-01-22 16:46:00-08:00,2945.17000000,2948.14000000,2944.87000000,2946.99000000,65.48555169,193,2946.33815562
BTC-USD,2026-01-22 16:46:00-08:00,89431.34000000,89490.00000000,89428.33000000,89475.67000000,1.47969141,189,89463.35866326
SOL-USD,2026-01-22 16:46:00-08:00,128.07000000,128.26000000,128.07000000,128.20000000,559.80205162,158,128.15836554
BTC-USD,2026-01-22 16:47:00-08:00,89475.68000000,89486.95000000,89460.00000000,89486.93000000,0.52744063,200,89473.46043822
ETH-USD,2026-01-22 16:47:00-08:00,2947.00000000,2947.99000000,2946.79000000,2947.49000000,29.78168135,119,2947.47859153
SOL-USD,2026-01-22 16:47:00-08:00,128.20000000,128.27000000,128.18000000,128.25000000,56.19882541,64,128.23009615
BTC-USD,2026-01-22 16:48:00-08:00,89486.94000000,89490.00000000,89473.77000000,89473.78000000,0.89069613,166,89480.40141919
SOL-USD,2026-01-22 16:48:00-08:00,128.25000000,128.25000000,128.15000000,128.21000000,241.49721206,100,128.19263888
ETH-USD,2026-01-22 16:48:00-08:00,2947.69000000,2947.69000000,2946.78000000,2947.24000000,24.23726505,123,2947.29008853
SOL-USD,2026-01-22 16:49:00-08:00,128.21000000,128.26000000,128.15000000,128.23000000,507.06367294,81,128.17037880
ETH-USD,2026-01-22 16:49:00-08:00,2947.23000000,2949.30000000,2945.80000000,2948.74000000,39.20608420,167,2946.92895651
BTC-USD,2026-01-22 16:49:00-08:00,89473.78000000,89487.01000000,89448.01000000,89487.01000000,1.92318365,173,89471.40111593
ETH-USD,2026-01-22 16:50:00-08:00,2948.73000000,2948.73000000,2946.79000000,2947.64000000,26.12965526,125,2947.46434298
BTC-USD,2026-01-22 16:50:00-08:00,89487.01000000,89487.01000000,89467.45000000,89476.06000000,2.25455597,146,89484.05560548
SOL-USD,2026-01-22 16:50:00-08:00,128.23000000,128.24000000,128.19000000,128.21000000,35.44452105,60,128.21678209
BTC-USD,2026-01-22 16:51:00-08:00,89476.05000000,89519.80000000,89467.62000000,89511.15000000,0.70772762,184,89495.17634836
ETH-USD,2026-01-22 16:51:00-08:00,2947.63000000,2950.28000000,2947.30000000,2949.67000000,34.50289293,116,2948.99166573
SOL-USD,2026-01-22 16:51:00-08:00,128.20000000,128.28000000,128.19000000,128.28000000,144.81638719,85,128.24159953
BTC-USD,2026-01-22 16:52:00-08:00,89511.11000000,89535.04000000,89480.22000000,89487.09000000,3.78311566,267,89512.75384533
ETH-USD,2026-01-22 16:52:00-08:00,2949.59000000,2950.70000000,2949.33000000,2949.33000000,31.14578441,118,2950.20219243
SOL-USD,2026-01-22 16:52:00-08:00,128.27000000,128.32000000,128.23000000,128.27000000,259.29457948,117,128.27145758
ETH-USD,2026-01-22 16:53:00-08:00,2949.17000000,2949.84000000,2948.65000000,2949.49000000,28.18728212,106,2949.07722833
SOL-USD,2026-01-22 16:53:00-08:00,128.24000000,128.28000000,128.23000000,128.28000000,29.86602151,58,128.25516864
BTC-USD,2026-01-22 16:53:00-08:00,89487.58000000,89509.99000000,89477.78000000,89509.38000000,0.91661772,153,89496.73257432
SOL-USD,2026-01-22 16:54:00-08:00,128.29000000,128.33000000,128.28000000,128.30000000,45.92618605,62,128.30100008
BTC-USD,2026-01-22 16:54:00-08:00,89509.37000000,89521.23000000,89507.77000000,89510.00000000,0.32310787,158,89513.74809368
ETH-USD,2026-01-22 16:54:00-08:00,2949.49000000,2951.08000000,2949.49000000,2950.93000000,8.82126765,75,2950.32092055
ETH-USD,2026-01-22 16:55:00-08:00,2951.09000000,2951.72000000,2951.08000000,2951.37000000,13.39050154,352,2951.43003328
SOL-USD,2026-01-22 16:55:00-08:00,128.29000000,128.34000000,128.28000000,128.32000000,130.73956854,65,128.33207788
BTC-USD,2026-01-22 16:55:00-08:00,89511.92000000,89523.08000000,89507.98000000,89516.04000000,0.47828100,171,89515.53710841
BTC-USD,2026-01-22 16:56:00-08:00,89516.05000000,89518.49000000,89502.00000000,89502.96000000,0.52375201,148,89507.30135868
SOL-USD,2026-01-22 16:56:00-08:00,128.32000000,128.35000000,128.29000000,128.32000000,504.70157631,87,128.33610087
ETH-USD,2026-01-22 16:56:00-08:00,2951.37000000,2951.67000000,2951.07000000,2951.09000000,39.40411034,1051,2951.30272817
ETH-USD,2026-01-22 16:57:00-08:00,2951.09000000,2951.54000000,2950.10000000,2950.11000000,24.63114655,921,2951.04126471
BTC-USD,2026-01-22 16:57:00-08:00,89502.96000000,89520.00000000,89500.09000000,89501.25000000,0.39849528,146,89508.24310926
SOL-USD,2026-01-22 16:57:00-08:00,128.33000000,128.34000000,128.24000000,128.24000000,51.50293552,43,128.27779252
BTC-USD,2026-01-22 16:58:00-08:00,89500.10000000,89509.92000000,89491.90000000,89501.73000000,0.66819080,184,89498.71778111
SOL-USD,2026-01-22 16:58:00-08:00,128.23000000,128.27000000,128.20000000,128.26000000,13.68526868,47,128.25223270
ETH-USD,2026-01-22 16:58:00-08:00,2950.12000000,2950.86000000,2950.12000000,2950.86000000,21.31659757,88,2950.46652656
BTC-USD,2026-01-22 16:59:00-08:00,89496.01000000,89510.96000000,89418.55000000,89430.66000000,8.35136312,307,89471.78632117
SOL-USD,2026-01-22 16:59:00-08:00,128.26000000,128.30000000,128.18000000,128.23000000,354.92774598,95,128.25061186
ETH-USD,2026-01-22 16:59:00-08:00,2951.02000000,2952.79000000,2949.19000000,2950.01000000,149.20710562,1517,2950.63241676
BTC-USD,2026-01-22 17:00:00-08:00,89430.01000000,89517.75000000,89430.01000000,89511.45000000,2.81631985,297,89453.96303240
SOL-USD,2026-01-22 17:00:00-08:00,128.23000000,128.34000000,128.15000000,128.33000000,363.88041878,98,128.20105771
ETH-USD,2026-01-22 17:00:00-08:00,2950.25000000,2952.57000000,2950.11000000,2952.56000000,48.62730466,159,2951.12415444
SOL-USD,2026-01-22 17:01:00-08:00,128.35000000,128.39000000,128.30000000,128.36000000,60.13707131,80,128.35098304
ETH-USD,2026-01-22 17:01:00-08:00,2952.57000000,2953.67000000,2952.26000000,2953.14000000,28.26108727,119,2952.84493999
BTC-USD,2026-01-22 17:01:00-08:00,89511.44000000,89526.12000000,89473.90000000,89523.07000000,3.05926099,261,89491.69126196
ETH-USD,2026-01-22 17:02:00-08:00,2953.58000000,2954.59000000,2952.57000000,2952.58000000,27.44014223,118,2953.45587016
BTC-USD,2026-01-22 17:02:00-08:00,89523.07000000,89538.11000000,89490.46000000,89490.46000000,1.01771726,165,89525.77707026
SOL-USD,2026-01-22 17:02:00-08:00,128.38000000,128.44000000,128.33000000,128.34000000,122.20616323,82,128.41846520
SOL-USD,2026-01-22 17:03:00-08:00,128.35000000,128.40000000,128.31000000,128.39000000,575.27835634,116,128.37779829
BTC-USD,2026-01-22 17:03:00-08:00,89487.00000000,89511.45000000,89480.75000000,89511.45000000,1.54847248,234,89491.21370585
ETH-USD,2026-01-22 17:03:00-08:00,2952.57000000,2952.90000000,2951.72000000,2952.73000000,26.35781546,132,2952.43310188
SOL-USD,2026-01-22 17:04:00-08:00,128.41000000,128.50000000,128.39000000,128.44000000,58.49325715,83,128.43628215
BTC-USD,2026-01-22 17:04:00-08:00,89515.82000000,89573.50000000,89515.82000000,89550.58000000,1.96349125,223,89550.60268264
ETH-USD,2026-01-22 17:04:00-08:00,2952.90000000,2955.95000000,2952.39000000,2954.90000000,35.66828568,145,2954.25476446
BTC-USD,2026-01-22 17:05:00-08:00,89550.57000000,89550.57000000,89513.27000000,89516.35000000,1.37530368,162,89530.02709415
ETH-USD,2026-01-22 17:05:00-08:00,2954.89000000,2954.89000000,2953.14000000,2953.39000000,87.36187466,188,2954.06921401
SOL-USD,2026-01-22 17:05:00-08:00,128.44000000,128.45000000,128.37000000,128.37000000,584.82384112,75,128.39708628
ETH-USD,2026-01-22 17:06:00-08:00,2953.36000000,2953.70000000,2951.72000000,2952.44000000,30.70223880,162,2952.46140916
SOL-USD,2026-01-22 17:06:00-08:00,128.39000000,128.40000000,128.30000000,128.36000000,77.06136390,76,128.37406087
BTC-USD,2026-01-22 17:06:00-08:00,89516.35000000,89525.46000000,89496.79000000,89498.02000000,3.89385523,295,89500.11796989
SOL-USD,2026-01-22 17:07:00-08:00,128.36000000,128.37000000,128.30000000,128.37000000,66.31473077,66,128.33468627
ETH-USD,2026-01-22 17:07:00-08:00,2952.40000000,2953.86000000,2951.73000000,2953.62000000,24.95601254,151,2952.53881006
BTC-USD,2026-01-22 17:07:00-08:00,89496.80000000,89531.01000000,89491.89000000,89528.01000000,5.82051515,283,89501.94498023
BTC-USD,2026-01-22 17:08:00-08:00,89528.00000000,89539.00000000,89505.35000000,89530.93000000,1.91472333,203,89518.52695926
SOL-USD,2026-01-22 17:08:00-08:00,128.37000000,128.39000000,128.29000000,128.38000000,28.44887276,70,128.36292914
ETH-USD,2026-01-22 17:08:00-08:00,2953.62000000,2954.90000000,2952.40000000,2953.93000000,45.46920339,199,2953.61413542
SOL-USD,2026-01-22 17:09:00-08:00,128.38000000,128.39000000,128.32000000,128.38000000,64.02473241,77,128.37061661
BTC-USD,2026-01-22 17:09:00-08:00,89530.93000000,89542.00000000,89520.00000000,89538.98000000,2.05871617,180,89535.73615099
ETH-USD,2026-01-22 17:09:00-08:00,2953.93000000,2954.70000000,2952.74000000,2953.49000000,60.37704511,207,2953.60459856
ETH-USD,2026-01-22 17:10:00-08:00,2953.26000000,2953.58000000,2952.34000000,2952.57000000,24.97738114,151,2952.85686837
BTC-USD,2026-01-22 17:10:00-08:00,89538.98000000,89546.40000000,89521.23000000,89527.40000000,1.51402989,208,89532.10273478
SOL-USD,2026-01-22 17:10:00-08:00,128.36000000,128.38000000,128.31000000,128.33000000,103.66689734,70,128.33488882
ETH-USD,2026-01-22 17:11:00-08:00,2952.57000000,2954.60000000,2952.23000000,2954.60000000,27.68474816,180,2953.08321746
BTC-USD,2026-01-22 17:11:00-08:00,89527.40000000,89599.42000000,89526.62000000,89592.93000000,3.43616019,230,89570.02127926
SOL-USD,2026-01-22 17:11:00-08:00,128.29000000,128.42000000,128.29000000,128.41000000,67.23636749,61,128.34622054
SOL-USD,2026-01-22 17:12:00-08:00,128.42000000,128.42000000,128.27000000,128.30000000,390.66680408,96,128.32526691
ETH-USD,2026-01-22 17:12:00-08:00,2954.60000000,2954.60000000,2951.32000000,2951.66000000,70.25787814,238,2952.36051440
BTC-USD,2026-01-22 17:12:00-08:00,89592.91000000,89592.91000000,89540.79000000,89540.80000000,1.45959531,208,89564.85464445
BTC-USD,2026-01-22 17:13:00-08:00,89540.79000000,89540.80000000,89486.71000000,89511.63000000,3.73322369,225,89496.86374426
ETH-USD,2026-01-22 17:13:00-08:00,2951.66000000,2951.66000000,2950.20000000,2950.49000000,31.05772308,188,2950.58706041
SOL-USD,2026-01-22 17:13:00-08:00,128.29000000,128.29000000,128.19000000,128.24000000,207.94096325,101,128.24591264
ETH-USD,2026-01-22 17:14:00-08:00,2950.47000000,2950.86000000,2950.03000000,2950.04000000,44.63422903,179,2950.37258271
SOL-USD,2026-01-22 17:14:00-08:00,128.26000000,128.28000000,128.18000000,128.21000000,128.22726854,80,128.23003744
BTC-USD,2026-01-22 17:14:00-08:00,89510.53000000,89521.07000000,89487.01000000,89506.54000000,1.50223681,194,89498.70427270
BTC-USD,2026-01-22 17:15:00-08:00,89506.54000000,89588.99000000,89506.53000000,89548.02000000,3.00208755,261,89542.54421937
ETH-USD,2026-01-22 17:15:00-08:00,2950.04000000,2954.14000000,2950.03000000,2952.40000000,26.82565299,186,2951.39565898
SOL-USD,2026-01-22 17:15:00-08:00,128.22000000,128.42000000,128.22000000,128.33000000,87.67436661,85,128.31738579
BTC-USD,2026-01-22 17:16:00-08:00,89548.02000000,89593.22000000,89548.02000000,89593.22000000,1.32075241,231,89571.25407664
SOL-USD,2026-01-22 17:16:00-08:00,128.34000000,128.41000000,128.34000000,128.41000000,427.78418796,93,128.36567667
ETH-USD,2026-01-22 17:16:00-08:00,2952.40000000,2954.14000000,2952.40000000,2953.66000000,29.31523099,180,2953.10369467
SOL-USD,2026-01-22 17:17:00-08:00,128.40000000,128.47000000,128.33000000,128.41000000,833.07845597,138,128.41273549
ETH-USD,2026-01-22 17:17:00-08:00,2953.60000000,2953.85000000,2953.12000000,2953.63000000,22.13752387,143,2953.34100392
BTC-USD,2026-01-22 17:17:00-08:00,89593.18000000,89593.21000000,89575.02000000,89589.90000000,1.60116442,201,89583.99627748
SOL-USD,2026-01-22 17:18:00-08:00,128.38000000,128.40000000,128.27000000,128.28000000,146.76904146,99,128.33072735
BTC-USD,2026-01-22 17:18:00-08:00,89589.89000000,89590.45000000,89551.73000000,89561.85000000,1.22004348,172,89570.32819421
ETH-USD,2026-01-22 17:18:00-08:00,2953.67000000,2953.85000000,2952.74000000,2953.41000000,37.43486161,182,2953.27529763
BTC-USD,2026-01-22 17:19:00-08:00,89560.49000000,89586.84000000,89555.47000000,89580.03000000,2.45034669,236,89577.58141208
SOL-USD,2026-01-22 17:19:00-08:00,128.27000000,128.29000000,128.23000000,128.26000000,79.22280259,68,128.26101973
ETH-USD,2026-01-22 17:19:00-08:00,2953.38000000,2954.25000000,2953.08000000,2954.25000000,27.07596725,201,2953.74972212
ETH-USD,2026-01-22 17:20:00-08:00,2954.25000000,2954.89000000,2953.82000000,2954.74000000,11.23065766,142,2954.37128676
SOL-USD,2026-01-22 17:20:00-08:00,128.25000000,128.31000000,128.25000000,128.31000000,186.21313487,75,128.27611370
BTC-USD,2026-01-22 17:20:00-08:00,89580.03000000,89594.80000000,89575.02000000,89594.79000000,0.43556616,212,89584.65716057
BTC-USD,2026-01-22 17:21:00-08:00,89594.80000000,89600.23000000,89576.01000000,89589.65000000,1.41272212,219,89591.08386852
SOL-USD,2026-01-22 17:21:00-08:00,128.30000000,128.31000000,128.24000000,128.24000000,194.57380549,102,128.27310397
ETH-USD,2026-01-22 17:21:00-08:00,2954.76000000,2954.87000000,2954.09000000,2954.65000000,11.68255643,147,2954.41511044
SOL-USD,2026-01-22 17:22:00-08:00,128.23000000,128.25000000,128.20000000,128.23000000,117.10729039,78,128.23329064
BTC-USD,2026-01-22 17:22:00-08:00,89589.66000000,89589.66000000,89554.00000000,89555.46000000,0.54632023,176,89573.22141896
ETH-USD,2026-01-22 17:22:00-08:00,2954.65000000,2954.77000000,2953.58000000,2953.59000000,23.11405049,151,2954.58974412
SOL-USD,2026-01-22 17:23:00-08:00,128.23000000,128.24000000,128.20000000,128.21000000,95.97105215,58,128.21107889
ETH-USD,2026-01-22 17:23:00-08:00,2953.59000000,2954.40000000,2953.59000000,2953.92000000,13.52958099,127,2953.77806467
BTC-USD,2026-01-22 17:23:00-08:00,89554.02000000,89577.99000000,89554.01000000,89562.03000000,0.94248441,201,89564.72721290
BTC-USD,2026-01-22 17:24:00-08:00,89564.06000000,89577.98000000,89557.57000000,89557.58000000,0.88218406,169,89570.92189531
ETH-USD,2026-01-22 17:24:00-08:00,2953.95000000,2954.56000000,2953.00000000,2953.89000000,61.04100701,187,2953.70294396
SOL-USD,2026-01-22 17:24:00-08:00,128.22000000,128.24000000,128.19000000,128.24000000,21.61727771,48,128.22311442
SOL-USD,2026-01-22 17:25:00-08:00,128.21000000,128.21000000,128.14000000,128.16000000,32.70799161,60,128.18417387
ETH-USD,2026-01-22 17:25:00-08:00,2953.89000000,2953.90000000,2953.36000000,2953.41000000,7.32342849,138,2953.60503589
BTC-USD,2026-01-22 17:25:00-08:00,89557.58000000,89559.97000000,89527.71000000,89550.03000000,2.55150910,278,89542.69195361
SOL-USD,2026-01-22 17:26:00-08:00,128.16000000,128.24000000,128.16000000,128.23000000,58.78489986,74,128.20734547
ETH-USD,2026-01-22 17:26:00-08:00,2953.41000000,2954.57000000,2953.41000000,2954.10000000,20.36324900,148,2953.82510778
BTC-USD,2026-01-22 17:26:00-08:00,89550.03000000,89590.00000000,89550.02000000,89584.28000000,1.80137304,228,89578.75966625
ETH-USD,2026-01-22 17:27:00-08:00,2954.10000000,2954.15000000,2950.94000000,2951.50000000,72.48575793,325,2952.35595098
BTC-USD,2026-01-22 17:27:00-08:00,89584.29000000,89589.29000000,89518.61000000,89534.20000000,2.71878820,287,89552.32203333
SOL-USD,2026-01-22 17:27:00-08:00,128.23000000,128.24000000,128.13000000,128.17000000,564.93602404,151,128.18716776
ETH-USD,2026-01-22 17:28:00-08:00,2951.50000000,2952.73000000,2951.50000000,2952.56000000,23.95653751,152,2952.14949333
SOL-USD,2026-01-22 17:28:00-08:00,128.18000000,128.22000000,128.16000000,128.21000000,31.74254977,68,128.20979126
BTC-USD,2026-01-22 17:28:00-08:00,89534.21000000,89560.23000000,89534.21000000,89555.04000000,1.05365341,186,89550.52160681
ETH-USD,2026-01-22 17:29:00-08:00,2952.57000000,2955.75000000,2952.23000000,2955.57000000,66.30333063,230,2953.18629813
SOL-USD,2026-01-22 17:29:00-08:00,128.23000000,128.32000000,128.19000000,128.30000000,90.21915282,97,128.24127650
BTC-USD,2026-01-22 17:29:00-08:00,89555.06000000,89608.66000000,89535.91000000,89599.29000000,4.43826991,281,89584.55240562
ETH-USD,2026-01-22 17:30:00-08:00,2955.54000000,2957.40000000,2955.28000000,2955.50000000,47.65529037,184,2956.57494481
BTC-USD,2026-01-22 17:30:00-08:00,89599.28000000,89619.30000000,89599.28000000,89604.02000000,2.46399287,295,89605.68881439
SOL-USD,2026-01-22 17:30:00-08:00,128.30000000,128.39000000,128.26000000,128.28000000,256.48766968,112,128.29740550
SOL-USD,2026-01-22 17:31:00-08:00,128.32000000,128.33000000,128.20000000,128.21000000,86.38042970,90,128.28642501
ETH-USD,2026-01-22 17:31:00-08:00,2955.49000000,2956.98000000,2955.18000000,2955.49000000,51.96088780,218,2956.18414140
BTC-USD,2026-01-22 17:31:00-08:00,89604.03000000,89617.58000000,89567.11000000,89576.00000000,4.19509825,305,89590.28108134
ETH-USD,2026-01-22 17:32:00-08:00,2955.49000000,2956.13000000,2953.80000000,2953.80000000,38.73695186,263,2955.17892611
BTC-USD,2026-01-22 17:32:00-08:00,89576.01000000,89597.96000000,89550.57000000,89550.58000000,0.77126387,182,89573.67692082
SOL-USD,2026-01-22 17:32:00-08:00,128.24000000,128.28000000,128.22000000,128.22000000,45.16797033,69,128.23451576
BTC-USD,2026-01-22 17:33:00-08:00,89550.57000000,89634.08000000,89540.00000000,89634.07000000,1.29590964,284,89578.61649111
SOL-USD,2026-01-22 17:33:00-08:00,128.21000000,128.42000000,128.19000000,128.41000000,67.41731127,91,128.30721107
ETH-USD,2026-01-22 17:33:00-08:00,2953.80000000,2956.98000000,2953.28000000,2956.98000000,51.13829844,250,2954.37252020
BTC-USD,2026-01-22 17:34:00-08:00,89634.06000000,89726.60000000,89625.50000000,89700.00000000,5.96706495,464,89663.10526988
SOL-USD,2026-01-22 17:34:00-08:00,128.40000000,128.53000000,128.39000000,128.52000000,280.78244738,111,128.44989986
ETH-USD,2026-01-22 17:34:00-08:00,2956.97000000,2960.21000000,2956.14000000,2959.03000000,173.07716508,481,2958.42254957
SOL-USD,2026-01-22 17:35:00-08:00,128.51000000,128.51000000,128.38000000,128.43000000,183.43583827,97,128.46138698
ETH-USD,2026-01-22 17:35:00-08:00,2959.02000000,2959.02000000,2956.65000000,2957.49000000,83.21447521,347,2957.82555691
BTC-USD,2026-01-22 17:35:00-08:00,89699.96000000,89700.01000000,89658.15000000,89659.62000000,5.26185203,292,89682.71611724
SOL-USD,2026-01-22 17:36:00-08:00,128.43000000,128.51000000,128.40000000,128.47000000,141.93296194,113,128.45272485
ETH-USD,2026-01-22 17:36:00-08:00,2957.49000000,2958.51000000,2956.99000000,2958.06000000,33.58032523,203,2957.57496682
BTC-USD,2026-01-22 17:36:00-08:00,89659.62000000,89694.00000000,89659.61000000,89674.25000000,1.53436017,225,89669.52207733
SOL-USD,2026-01-22 17:37:00-08:00,128.49000000,128.51000000,128.45000000,128.48000000,35.64638622,61,128.47534549
BTC-USD,2026-01-22 17:37:00-08:00,89674.25000000,89692.38000000,89674.24000000,89686.76000000,0.59791483,160,89684.97421684
ETH-USD,2026-01-22 17:37:00-08:00,2958.06000000,2959.86000000,2958.06000000,2959.73000000,49.92731342,221,2959.09657744
SOL-USD,2026-01-22 17:38:00-08:00,128.49000000,128.66000000,128.49000000,128.65000000,2135.59085051,131,128.59925842
ETH-USD,2026-01-22 17:38:00-08:00,2959.73000000,2964.07000000,2959.24000000,2963.78000000,120.21706642,498,2962.45069223
BTC-USD,2026-01-22 17:38:00-08:00,89687.59000000,89764.85000000,89674.25000000,89764.84000000,4.72457179,324,89720.58145596
ETH-USD,2026-01-22 17:39:00-08:00,2963.78000000,2963.78000000,2961.75000000,2962.09000000,35.81225191,229,2963.37530971
SOL-USD,2026-01-22 17:39:00-08:00,128.65000000,128.65000000,128.55000000,128.57000000,259.52299913,118,128.59877036
BTC-USD,2026-01-22 17:39:00-08:00,89764.84000000,89772.00000000,89733.78000000,89738.74000000,1.20569586,195,89742.68563847
SOL-USD,2026-01-22 17:40:00-08:00,128.55000000,128.56000000,128.48000000,128.50000000,17.36629749,57,128.51614994
BTC-USD,2026-01-22 17:40:00-08:00,89738.74000000,89738.74000000,89726.61000000,89726.61000000,0.79027828,134,89730.11709024
ETH-USD,2026-01-22 17:40:00-08:00,2962.09000000,2962.09000000,2961.24000000,2961.54000000,24.94750895,127,2961.46657695
BTC-USD,2026-02-14 14:30:00-08:00,69943.24000000,69943.25000000,69943.24000000,69943.25000000,0.02106698,9,69943.24973953
ETH-USD,2026-02-14 14:30:00-08:00,2088.48000000,2088.48000000,2088.44000000,2088.44000000,3.77254000,14,2088.46000530
SOL-USD,2026-02-14 14:30:00-08:00,88.11000000,88.11000000,88.11000000,88.11000000,7.62438591,7,88.11000000
ETH-USD,2026-02-14 14:31:00-08:00,2088.37000000,2088.89000000,2087.68000000,2087.69000000,22.96683702,82,2088.44036932
SOL-USD,2026-02-14 14:31:00-08:00,88.11000000,88.14000000,88.05000000,88.05000000,381.91932129,82,88.09709861
BTC-USD,2026-02-14 14:31:00-08:00,69943.25000000,69947.86000000,69900.00000000,69900.01000000,1.10288454,145,69924.56569848
ETH-USD,2026-02-14 14:32:00-08:00,2087.68000000,2088.00000000,2086.99000000,2087.88000000,11.97012458,53,2087.25661200
SOL-USD,2026-02-14 14:32:00-08:00,88.05000000,88.14000000,88.03000000,88.14000000,140.18892897,63,88.05506103
BTC-USD,2026-02-14 14:32:00-08:00,69900.00000000,69924.60000000,69880.65000000,69924.60000000,1.58451853,126,69896.11130438
